CREATE DATABASE buildsheet_project;
USE DATABASE buildsheet_project;

CREATE TABLE `buildsheet_master` (
   `id` int(10) unsigned NOT NULL AUTO_INCREMENT,
   `name` varchar(50) DEFAULT NULL,
   `val_id` int(11) DEFAULT NULL,
   `parent_id` int(10) unsigned DEFAULT NULL,
   `created` datetime DEFAULT CURRENT_TIMESTAMP,
   PRIMARY KEY (`id`),
   KEY `parent_id_idx` (`parent_id`)
 ) ENGINE=InnoDB;

INSERT INTO `buildsheet_master` VALUES (1,'master',NULL,NULL,'2019-08-23 14:00:44'),(2,'rule_types',NULL,1,'2019-08-23 14:01:14'),(3,'case',NULL,2,'2019-08-26 07:36:52'),(4,'concat',NULL,2,'2019-08-26 07:36:52'),(5,'from',NULL,17,'2019-08-26 07:36:52'),(6,'hardcode',NULL,2,'2019-08-26 07:36:52'),(7,'inner join',NULL,17,'2019-08-26 07:36:52'),(8,'left join',NULL,17,'2019-08-26 07:36:52'),(9,'no_rule',NULL,2,'2019-08-26 07:36:52'),(10,'regexp_replace',NULL,2,'2019-08-26 07:36:52'),(11,'regexp_substr',NULL,2,'2019-08-26 07:36:52'),(12,'replace',NULL,2,'2019-08-26 07:36:52'),(13,'to_date',NULL,2,'2019-08-26 07:36:52'),(14,'trim',NULL,2,'2019-08-26 07:36:52'),(16,'right join',NULL,17,'2019-08-26 09:13:35'),(17,'join_types',NULL,1,'2019-08-27 08:14:45'),(18,'filter_types',NULL,1,'2019-08-27 08:20:51'),(19,'where',NULL,18,'2019-08-27 08:21:38'),(20,'group by',NULL,18,'2019-08-27 08:21:38'),(21,'order by',NULL,18,'2019-08-27 08:21:38'),(22,'workflow_map',NULL,1,'2019-08-29 12:35:28'),(23,'member_altid',3,22,'2019-08-29 12:52:16'),(24,'member',1,22,'2019-08-29 12:52:34'),(25,'member_add',2,22,'2019-08-29 12:52:34'),(26,'member_contact',4,22,'2019-08-29 12:52:34'),(27,'member_email',5,22,'2019-08-29 12:52:34'),(28,'member_lang',6,22,'2019-08-29 12:52:34'),(29,'attribution',7,22,'2019-08-29 12:52:34'),(30,'provider_org_hierarchy',8,22,'2019-08-29 12:52:34'),(31,'claim_header',9,22,'2019-08-29 12:52:34'),(32,'claim_line',10,22,'2019-08-29 12:52:34'),(33,'pharmacy_claim',11,22,'2019-08-29 12:52:34'),(34,'encounter',12,22,'2019-08-29 12:52:35'),(35,'procedure',13,22,'2019-08-29 12:52:35'),(36,'lab_result',14,22,'2019-08-29 12:52:35'),(37,'prescription',15,22,'2019-08-29 12:52:35'),(38,'vital',16,22,'2019-08-29 12:52:35'),(39,'diagnosis',17,22,'2019-08-29 12:52:35'),(40,'social_history',18,22,'2019-08-29 12:52:35'),(41,'family_history',19,22,'2019-08-29 12:52:35'),(42,'allergy',20,22,'2019-08-29 12:52:35'),(43,'immunization',21,22,'2019-08-29 12:52:35'),(44,'note',22,22,'2019-08-29 12:52:35'),(45,'medical_equipment',23,22,'2019-08-29 12:52:35'),(46,'attachment',24,22,'2019-08-29 12:52:35'),(47,'insurance',25,22,'2019-08-29 12:52:35'),(48,'appointment',26,22,'2019-08-29 12:52:35'),(49,'empi',27,22,'2019-08-29 12:52:35'),(50,'family_circle',28,22,'2019-08-29 12:52:35'),(51,'assessment',29,22,'2019-08-29 12:52:35'),(52,'assessment_question',30,22,'2019-08-29 12:52:35'),(53,'problem',31,22,'2019-08-29 12:52:35'),(54,'empi_change',32,22,'2019-08-29 12:52:35'),(55,'pd_demographics',33,22,'2019-08-29 12:52:35'),(56,'pl_demographics',34,22,'2019-08-29 12:52:35'),(57,'staging_pd_demographics',35,22,'2019-08-29 12:52:35'),(58,'custom',NULL,2,'2019-09-03 06:37:23'),(59,'GETDATE()',NULL,2,'2019-09-10 11:21:54'),(61,'l2_categories',NULL,1,'2019-11-07 15:08:13'),(62,'allergy',NULL,61,'2019-11-07 15:10:59'),(63,'appointment',NULL,61,'2019-11-07 15:10:59'),(64,'assessment',NULL,61,'2019-11-07 15:10:59'),(65,'assessment_question',NULL,61,'2019-11-07 15:10:59'),(66,'attachment',NULL,61,'2019-11-07 15:10:59'),(67,'attribution',NULL,61,'2019-11-07 15:11:00'),(68,'claim_header',NULL,61,'2019-11-07 15:11:00'),(69,'claim_line',NULL,61,'2019-11-07 15:11:00'),(70,'diagnosis',NULL,61,'2019-11-07 15:11:00'),(71,'empi',NULL,61,'2019-11-07 15:11:00'),(72,'empi_change',NULL,61,'2019-11-07 15:11:00'),(73,'encounter',NULL,61,'2019-11-07 15:11:00'),(74,'family_circle',NULL,61,'2019-11-07 15:11:00'),(75,'family_history',NULL,61,'2019-11-07 15:11:00'),(76,'immunization',NULL,61,'2019-11-07 15:11:00'),(77,'insurance',NULL,61,'2019-11-07 15:11:00'),(78,'lab_result',NULL,61,'2019-11-07 15:11:00'),(79,'medical_equipment',NULL,61,'2019-11-07 15:11:00'),(80,'member',NULL,61,'2019-11-07 15:11:00'),(81,'member_add',NULL,61,'2019-11-07 15:11:00'),(82,'member_altid',NULL,61,'2019-11-07 15:11:00'),(83,'member_contact',NULL,61,'2019-11-07 15:11:00'),(84,'member_email',NULL,61,'2019-11-07 15:11:00'),(85,'member_lang',NULL,61,'2019-11-07 15:11:00'),(86,'note',NULL,61,'2019-11-07 15:11:00'),(87,'pd_demographics',NULL,61,'2019-11-07 15:11:00'),(88,'pharmacy_claim',NULL,61,'2019-11-07 15:11:00'),(89,'pl_demographics',NULL,61,'2019-11-07 15:11:00'),(90,'prescription',NULL,61,'2019-11-07 15:11:00'),(91,'problem',NULL,61,'2019-11-07 15:11:00'),(92,'procedure',NULL,61,'2019-11-07 15:11:00'),(93,'provider_org_hierarchy',NULL,61,'2019-11-07 15:11:00'),(94,'social_history',NULL,61,'2019-11-07 15:11:00'),(95,'staging_pd_demographics',NULL,61,'2019-11-07 15:11:00'),(96,'vital',NULL,61,'2019-11-07 15:11:00'),(97,'vendor_name',NULL,1,'2019-11-08 06:53:25'),(98,'source_type',NULL,1,'2019-11-08 06:53:25'),(99,'olap_version',NULL,1,'2019-11-08 06:53:25'),(100,'6',NULL,99,'2019-11-08 07:05:24'),(101,'7',NULL,99,'2019-11-08 07:05:24'),(102,'Clinical',NULL,98,'2019-11-08 07:06:42'),(103,'Claims',NULL,98,'2019-11-08 07:06:42'),(104,'ADT',NULL,98,'2019-11-08 07:06:42'),(105,'Athena',NULL,97,'2019-11-08 07:13:52'),(106,'AllScripts',NULL,97,'2019-11-08 07:13:52'),(107,'GreenWay',NULL,97,'2019-11-08 07:13:52'),(108,'Quest Care 360',NULL,97,'2019-11-08 07:13:52'),(109,'Office Practicum',NULL,97,'2019-11-08 07:13:52'),(110,'Cerner',NULL,97,'2019-11-08 07:13:52'),(111,'Practice Fusion',NULL,97,'2019-11-08 07:13:52'),(112,'McKesson',NULL,97,'2019-11-08 07:13:52'),(113,'EMDs',NULL,97,'2019-11-08 07:13:52'),(114,'iSalus',NULL,97,'2019-11-08 07:13:52'),(115,'ECW',NULL,97,'2019-11-08 07:13:52'),(116,'NextGen',NULL,97,'2019-11-14 08:54:31'),(117,'Greenway Primesuite',NULL,97,'2019-11-14 09:02:02'),(118,'Other',NULL,97,'2019-11-14 09:06:44');

######################################################################################################################

CREATE TABLE `buildsheet_workspaces` (
  `id` int(11) NOT NULL AUTO_INCREMENT,
  `olap_version` tinyint(4) DEFAULT NULL,
  `workspace_name` varchar(255) DEFAULT NULL,
  `aco_id` int(11) DEFAULT NULL,
  `aco_name` varchar(255) DEFAULT NULL,
  `source_id` int(11) DEFAULT NULL,
  `source_name` varchar(255) DEFAULT NULL,
  `vendor_name` varchar(255) DEFAULT NULL,
  `vendor_version` varchar(255) DEFAULT NULL,
  `delete_flag` tinyint(4) DEFAULT '0',
  `created` timestamp NOT NULL DEFAULT CURRENT_TIMESTAMP,
  `modified` timestamp NOT NULL DEFAULT CURRENT_TIMESTAMP ON UPDATE CURRENT_TIMESTAMP,
  PRIMARY KEY (`id`)
) ENGINE=InnoDB;


######################################################################################################################

CREATE TABLE `meta_data` (
  `id` int(11) unsigned NOT NULL AUTO_INCREMENT,
  `buildsheet_workspaces_id` int(11) DEFAULT NULL,
  `buildsheet_name` varchar(255) DEFAULT NULL,
  `source_id` varchar(10) DEFAULT NULL,
  `l1_schema` varchar(50) DEFAULT NULL,
  `l2_schema` varchar(30) DEFAULT NULL,
  `l2_table` varchar(30) DEFAULT NULL,
  `source_name` varchar(200) DEFAULT NULL,
  `source_type` varchar(100) DEFAULT NULL,
  `workflow_id` varchar(100) DEFAULT NULL,
  `author` varchar(200) DEFAULT NULL,
  `ingestion_datetime` datetime DEFAULT CURRENT_TIMESTAMP,
  `vendor_version` varchar(55) DEFAULT NULL,
  `vendor_name` varchar(100) DEFAULT NULL,
  `aco_id` varchar(10) DEFAULT NULL,
  `aco_name` varchar(200) DEFAULT NULL,
  `source_file_name` varchar(512) DEFAULT NULL,
  `workspace_id` varchar(100) DEFAULT NULL,
  `indata_created_on` timestamp NOT NULL DEFAULT CURRENT_TIMESTAMP,
  `pipeline_id` varchar(100) DEFAULT NULL,
  `created` timestamp NOT NULL DEFAULT CURRENT_TIMESTAMP,
  `modified` timestamp NOT NULL DEFAULT CURRENT_TIMESTAMP ON UPDATE CURRENT_TIMESTAMP,
  `delete_flag` tinyint(4) DEFAULT '0',
  PRIMARY KEY (`id`),
  KEY `buildsheet_workspaces_id` (`buildsheet_workspaces_id`),
  CONSTRAINT `meta_data_stg_testing_ibfk_1` FOREIGN KEY (`buildsheet_workspaces_id`) REFERENCES `buildsheet_workspaces` (`id`)
) ENGINE=InnoDB;


######################################################################################################################

CREATE TABLE `buildsheet_data` (
  `id` int(11) NOT NULL AUTO_INCREMENT,
  `unique_flag` tinyint(4) DEFAULT '0',
  `buildsheet_workspaces_id` int(11) DEFAULT NULL,
  `aco_id` int(11) DEFAULT NULL,
  `source_id` int(11) DEFAULT NULL,
  `category` varchar(100) DEFAULT NULL,
  `l1_schema` varchar(50) DEFAULT NULL,
  `source_table` varchar(100) DEFAULT NULL,
  `source_column` varchar(100) DEFAULT NULL,
  `alias` varchar(4) DEFAULT NULL,
  `l2_schema` varchar(50) DEFAULT NULL,
  `destination_table` text,
  `destination_column` varchar(100) DEFAULT NULL,
  `data_type` varchar(50) DEFAULT NULL,
  `data_type_2` varchar(20) DEFAULT NULL,
  `rule_type` varchar(20) DEFAULT NULL,
  `rule` text,
  `meta_id` int(10) unsigned DEFAULT NULL,
  `l1_total_cnt_wf_q` text,
  `l1_total_cnt_wf` int(11) DEFAULT NULL,
  `l1_unq_cnt_wf_q` text,
  `l1_unq_cnt_wf` int(11) DEFAULT NULL,
  `l1_total_cnt_q` text,
  `l1_total_cnt` int(11) DEFAULT NULL,
  `l1_unq_cnt_q` text,
  `l1_unq_cnt` int(11) DEFAULT NULL,
  `l2_total_cnt_q` text,
  `l2_total_cnt` int(11) DEFAULT NULL,
  `l2_unq_cnt_q` text,
  `l2_unq_cnt` int(11) DEFAULT NULL,
  `semantic_q` varchar(1000) DEFAULT NULL,
  `semantic_match` int(11) DEFAULT NULL,
  `ontology_q` varchar(1000) DEFAULT NULL,
  `ontology_match` int(11) DEFAULT NULL,
  `comment` text,
  `created` timestamp NOT NULL DEFAULT CURRENT_TIMESTAMP,
  `modified` timestamp NOT NULL DEFAULT CURRENT_TIMESTAMP ON UPDATE CURRENT_TIMESTAMP,
  `delete_flag` tinyint(4) DEFAULT '0',
  PRIMARY KEY (`id`),
  KEY `category_idx` (`category`),
  KEY `rule_type_idx` (`rule_type`),
  KEY `source_column_idx` (`source_column`),
  KEY `meta_id_idx` (`meta_id`),
  KEY `buildsheet_workspaces_id_idx` (`buildsheet_workspaces_id`),
  CONSTRAINT `buildsheet_proj_stg_testing_ibfk_1` FOREIGN KEY (`meta_id`) REFERENCES `meta_data` (`id`),
  CONSTRAINT `buildsheet_proj_stg_testing_ibfk_2` FOREIGN KEY (`buildsheet_workspaces_id`) REFERENCES `buildsheet_workspaces` (`id`)
) ENGINE=InnoDB;

 
######################################################################################################################

CREATE TABLE `l2_mandatory_columns` (
  `id` int(10) unsigned NOT NULL AUTO_INCREMENT,
  `olap_version` tinyint(4) DEFAULT NULL,
  `l2_table_id` int(10) unsigned DEFAULT NULL,
  `columns_name` varchar(255) DEFAULT NULL,
  `mandatory_flag` enum('0','1') DEFAULT NULL COMMENT '0=false,1=true',
  `semantic_ontology_flag` enum('0','1') DEFAULT NULL COMMENT '0=false,1=true',
  `created` timestamp NOT NULL DEFAULT CURRENT_TIMESTAMP,
  `modified` timestamp NOT NULL DEFAULT CURRENT_TIMESTAMP ON UPDATE CURRENT_TIMESTAMP,
  PRIMARY KEY (`id`),
  KEY `l2_table_id_idx` (`l2_table_id`),
  CONSTRAINT `l2_mandatory_columns_ibfk_1` FOREIGN KEY (`l2_table_id`) REFERENCES `buildsheet_master` (`id`)
) ENGINE=InnoDB;

 INSERT INTO `l2_mandatory_columns` VALUES (1,7,62,'empi','0',NULL,'2019-11-07 16:33:10','2019-11-07 16:33:10'),(2,7,62,'local_member_id','1',NULL,'2019-11-07 16:33:10','2019-11-07 16:33:10'),(3,7,62,'encounter_id','1',NULL,'2019-11-07 16:33:10','2019-11-07 16:33:10'),(4,7,62,'provider_npi','1',NULL,'2019-11-07 16:33:10','2019-11-07 16:33:10'),(5,7,62,'provider_name','1',NULL,'2019-11-07 16:33:10','2019-11-07 16:33:10'),(6,7,62,'practice_npi','1',NULL,'2019-11-07 16:33:10','2019-11-07 16:33:10'),(7,7,62,'practice_name','1',NULL,'2019-11-07 16:33:10','2019-11-07 16:33:10'),(8,7,62,'record_date','1',NULL,'2019-11-07 16:33:10','2019-11-07 16:33:10'),(9,7,62,'allergen_type','1',NULL,'2019-11-07 16:33:10','2019-11-07 16:33:10'),(10,7,62,'allergen_code','1',NULL,'2019-11-07 16:33:10','2019-11-07 16:33:10'),(11,7,62,'coding_system','1',NULL,'2019-11-07 16:33:10','2019-11-07 16:33:10'),(12,7,62,'allergen','1',NULL,'2019-11-07 16:33:10','2019-11-07 16:33:10'),(13,7,62,'status','1',NULL,'2019-11-07 16:33:10','2019-11-07 16:33:10'),(14,7,62,'reaction','1',NULL,'2019-11-07 16:33:10','2019-11-07 16:33:10'),(15,7,62,'onset_date','1',NULL,'2019-11-07 16:33:10','2019-11-07 16:33:10'),(16,7,62,'offset_date','1',NULL,'2019-11-07 16:33:10','2019-11-07 16:33:10'),(17,7,62,'onset_year','1',NULL,'2019-11-07 16:33:10','2019-11-07 16:33:10'),(18,7,62,'onset_month','1',NULL,'2019-11-07 16:33:10','2019-11-07 16:33:10'),(19,7,62,'offset_year','1',NULL,'2019-11-07 16:33:10','2019-11-07 16:33:10'),(20,7,62,'offset_month','1',NULL,'2019-11-07 16:33:10','2019-11-07 16:33:10'),(21,7,62,'provider_id','1',NULL,'2019-11-07 16:33:10','2019-11-07 16:33:10'),(22,7,62,'provider_id_type','1',NULL,'2019-11-07 16:33:10','2019-11-07 16:33:10'),(23,7,62,'practice_id','1',NULL,'2019-11-07 16:33:10','2019-11-07 16:33:10'),(24,7,62,'practice_id_type','1',NULL,'2019-11-07 16:33:10','2019-11-07 16:33:10'),(25,7,62,'source_record_date','0',NULL,'2019-11-07 16:33:10','2019-11-07 16:33:10'),(26,7,62,'birth_date','1',NULL,'2019-11-07 16:33:10','2019-11-07 16:33:10'),(27,7,62,'author_date','0',NULL,'2019-11-07 16:33:10','2019-11-07 16:33:10'),(28,7,62,'author_id','0',NULL,'2019-11-07 16:33:10','2019-11-07 16:33:10'),(29,7,62,'author_name','1',NULL,'2019-11-07 16:33:10','2019-11-07 16:33:10'),(30,7,62,'severity_code','1',NULL,'2019-11-07 16:33:10','2019-11-07 16:33:10'),(31,7,62,'severity_name','0',NULL,'2019-11-07 16:33:10','2019-11-07 16:33:10'),(32,7,63,'empi','0',NULL,'2019-11-07 16:33:10','2019-11-07 16:33:10'),(33,7,63,'local_member_id','1',NULL,'2019-11-07 16:33:10','2019-11-07 16:33:10'),(34,7,63,'appointment_id','1',NULL,'2019-11-07 16:33:10','2019-11-07 16:33:10'),(35,7,63,'practice_name','1',NULL,'2019-11-07 16:33:10','2019-11-07 16:33:10'),(36,7,63,'practice_npi','1',NULL,'2019-11-07 16:33:10','2019-11-07 16:33:10'),(37,7,63,'provider_name','1',NULL,'2019-11-07 16:33:10','2019-11-07 16:33:10'),(38,7,63,'provider_npi','1',NULL,'2019-11-07 16:33:10','2019-11-07 16:33:10'),(39,7,63,'appointment_date','1',NULL,'2019-11-07 16:33:10','2019-11-07 16:33:10'),(40,7,63,'appointment_start_time','1',NULL,'2019-11-07 16:33:10','2019-11-07 16:33:10'),(41,7,63,'appointment_end_time','1',NULL,'2019-11-07 16:33:10','2019-11-07 16:33:10'),(42,7,63,'appointment_type','1',NULL,'2019-11-07 16:33:10','2019-11-07 16:33:10'),(43,7,63,'appointment_reason','1',NULL,'2019-11-07 16:33:10','2019-11-07 16:33:10'),(44,7,63,'duration','1',NULL,'2019-11-07 16:33:10','2019-11-07 16:33:10'),(45,7,63,'resource_location_type','1',NULL,'2019-11-07 16:33:10','2019-11-07 16:33:10'),(46,7,63,'resource_location_name','1',NULL,'2019-11-07 16:33:10','2019-11-07 16:33:10'),(47,7,63,'creation_date','1',NULL,'2019-11-07 16:33:10','2019-11-07 16:33:10'),(48,7,63,'last_update_date','1',NULL,'2019-11-07 16:33:10','2019-11-07 16:33:10'),(49,7,63,'creator_name','1',NULL,'2019-11-07 16:33:10','2019-11-07 16:33:10'),(50,7,63,'last_update_author_name','0',NULL,'2019-11-07 16:33:10','2019-11-07 16:33:10'),(51,7,63,'appointment_status','1',NULL,'2019-11-07 16:33:10','2019-11-07 16:33:10'),(52,7,63,'provider_id','1',NULL,'2019-11-07 16:33:10','2019-11-07 16:33:10'),(53,7,63,'provider_id_type','1',NULL,'2019-11-07 16:33:10','2019-11-07 16:33:10'),(54,7,63,'practice_id','1',NULL,'2019-11-07 16:33:10','2019-11-07 16:33:10'),(55,7,63,'practice_id_type','1',NULL,'2019-11-07 16:33:10','2019-11-07 16:33:10'),(56,7,63,'source_record_date','0',NULL,'2019-11-07 16:33:10','2019-11-07 16:33:10'),(57,7,63,'birth_date','1',NULL,'2019-11-07 16:33:10','2019-11-07 16:33:10'),(58,7,63,'author_date','0',NULL,'2019-11-07 16:33:10','2019-11-07 16:33:10'),(59,7,63,'author_id','0',NULL,'2019-11-07 16:33:10','2019-11-07 16:33:10'),(60,7,63,'author_name','1',NULL,'2019-11-07 16:33:10','2019-11-07 16:33:10'),(61,7,64,'empi','0',NULL,'2019-11-07 16:33:10','2019-11-07 16:33:10'),(62,7,64,'local_member_id','1',NULL,'2019-11-07 16:33:10','2019-11-07 16:33:10'),(63,7,64,'assessment_id','1',NULL,'2019-11-07 16:33:10','2019-11-07 16:33:10'),(64,7,64,'assessment_type','1',NULL,'2019-11-07 16:33:10','2019-11-07 16:33:10'),(65,7,64,'assessment_title','1',NULL,'2019-11-07 16:33:10','2019-11-07 16:33:10'),(66,7,64,'source_record_date','0',NULL,'2019-11-07 16:33:10','2019-11-07 16:33:10'),(67,7,64,'birth_date','1',NULL,'2019-11-07 16:33:10','2019-11-07 16:33:10'),(68,7,64,'author_date','0',NULL,'2019-11-07 16:33:10','2019-11-07 16:33:10'),(69,7,64,'author_id','0',NULL,'2019-11-07 16:33:10','2019-11-07 16:33:10'),(70,7,64,'author_name','1',NULL,'2019-11-07 16:33:10','2019-11-07 16:33:10'),(71,7,64,'assessment_score','1',NULL,'2019-11-07 16:33:10','2019-11-07 16:33:10'),(72,7,64,'assessment_maximum_score','1',NULL,'2019-11-07 16:33:10','2019-11-07 16:33:10'),(73,7,64,'assessment_result','1',NULL,'2019-11-07 16:33:10','2019-11-07 16:33:10'),(74,7,64,'assessment_status','1',NULL,'2019-11-07 16:33:10','2019-11-07 16:33:10'),(75,7,65,'empi','0',NULL,'2019-11-07 16:33:10','2019-11-07 16:33:10'),(76,7,65,'assessment_id','1',NULL,'2019-11-07 16:33:10','2019-11-07 16:33:10'),(77,7,65,'question','1',NULL,'2019-11-07 16:33:10','2019-11-07 16:33:10'),(78,7,65,'question_no','1',NULL,'2019-11-07 16:33:10','2019-11-07 16:33:10'),(79,7,65,'question_weightage','1',NULL,'2019-11-07 16:33:10','2019-11-07 16:33:10'),(80,7,65,'answer','1',NULL,'2019-11-07 16:33:10','2019-11-07 16:33:10'),(81,7,65,'answer_score','1',NULL,'2019-11-07 16:33:10','2019-11-07 16:33:10'),(82,7,65,'source_record_date','0',NULL,'2019-11-07 16:33:10','2019-11-07 16:33:10'),(83,7,65,'birth_date','1',NULL,'2019-11-07 16:33:10','2019-11-07 16:33:10'),(84,7,65,'author_date','0',NULL,'2019-11-07 16:33:10','2019-11-07 16:33:10'),(85,7,65,'author_id','0',NULL,'2019-11-07 16:33:10','2019-11-07 16:33:10'),(86,7,65,'author_name','1',NULL,'2019-11-07 16:33:10','2019-11-07 16:33:10'),(87,7,65,'assessment_question_status','1',NULL,'2019-11-07 16:33:10','2019-11-07 16:33:10'),(88,7,66,'empi','0',NULL,'2019-11-07 16:33:10','2019-11-07 16:33:10'),(89,7,66,'local_member_id','1',NULL,'2019-11-07 16:33:10','2019-11-07 16:33:10'),(90,7,66,'encounter_id','1',NULL,'2019-11-07 16:33:10','2019-11-07 16:33:10'),(91,7,66,'provider_npi','1',NULL,'2019-11-07 16:33:10','2019-11-07 16:33:10'),(92,7,66,'provider_name','1',NULL,'2019-11-07 16:33:10','2019-11-07 16:33:10'),(93,7,66,'practice_npi','1',NULL,'2019-11-07 16:33:10','2019-11-07 16:33:10'),(94,7,66,'practice_name','1',NULL,'2019-11-07 16:33:10','2019-11-07 16:33:10'),(95,7,66,'attachment_name','1',NULL,'2019-11-07 16:33:10','2019-11-07 16:33:10'),(96,7,66,'attachment_type','1',NULL,'2019-11-07 16:33:10','2019-11-07 16:33:10'),(97,7,66,'doc_type','1',NULL,'2019-11-07 16:33:10','2019-11-07 16:33:10'),(98,7,66,'attachment_filepath','1',NULL,'2019-11-07 16:33:10','2019-11-07 16:33:10'),(99,7,66,'creation_date','1',NULL,'2019-11-07 16:33:10','2019-11-07 16:33:10'),(100,7,66,'last_update_date','1',NULL,'2019-11-07 16:33:10','2019-11-07 16:33:10'),(101,7,66,'last_update_by','1',NULL,'2019-11-07 16:33:10','2019-11-07 16:33:10'),(102,7,66,'created_by','1',NULL,'2019-11-07 16:33:10','2019-11-07 16:33:10'),(103,7,66,'provider_id','1',NULL,'2019-11-07 16:33:10','2019-11-07 16:33:10'),(104,7,66,'provider_id_type','1',NULL,'2019-11-07 16:33:10','2019-11-07 16:33:10'),(105,7,66,'practice_id','1',NULL,'2019-11-07 16:33:10','2019-11-07 16:33:10'),(106,7,66,'practice_id_type','1',NULL,'2019-11-07 16:33:10','2019-11-07 16:33:10'),(107,7,66,'source_record_date','0',NULL,'2019-11-07 16:33:10','2019-11-07 16:33:10'),(108,7,66,'birth_date','1',NULL,'2019-11-07 16:33:10','2019-11-07 16:33:10'),(109,7,66,'author_date','0',NULL,'2019-11-07 16:33:10','2019-11-07 16:33:10'),(110,7,66,'author_id','0',NULL,'2019-11-07 16:33:10','2019-11-07 16:33:10'),(111,7,66,'author_name','1',NULL,'2019-11-07 16:33:10','2019-11-07 16:33:10'),(112,7,67,'empi','0',NULL,'2019-11-07 16:33:10','2019-11-07 16:33:10'),(113,7,67,'local_member_id','1',NULL,'2019-11-07 16:33:10','2019-11-07 16:33:10'),(114,7,67,'month_year','1',NULL,'2019-11-07 16:33:10','2019-11-07 16:33:10'),(115,7,67,'attribution_method','1',NULL,'2019-11-07 16:33:10','2019-11-07 16:33:10'),(116,7,67,'attribution_logic_stage','1',NULL,'2019-11-07 16:33:10','2019-11-07 16:33:10'),(117,7,67,'payer_id','1',NULL,'2019-11-07 16:33:10','2019-11-07 16:33:10'),(118,7,67,'payer_name','1',NULL,'2019-11-07 16:33:10','2019-11-07 16:33:10'),(119,7,67,'plan_id','1',NULL,'2019-11-07 16:33:10','2019-11-07 16:33:10'),(120,7,67,'plan_name','1',NULL,'2019-11-07 16:33:10','2019-11-07 16:33:10'),(121,7,67,'hierarchy_id','1',NULL,'2019-11-07 16:33:10','2019-11-07 16:33:10'),(122,7,67,'attribution_start_date','1',NULL,'2019-11-07 16:33:10','2019-11-07 16:33:10'),(123,7,67,'attribution_end_date','1',NULL,'2019-11-07 16:33:10','2019-11-07 16:33:10'),(124,7,67,'rx_coverage','1',NULL,'2019-11-07 16:33:10','2019-11-07 16:33:10'),(125,7,67,'dental_coverage','1',NULL,'2019-11-07 16:33:10','2019-11-07 16:33:10'),(126,7,67,'hospice_benefit','1',NULL,'2019-11-07 16:33:10','2019-11-07 16:33:10'),(127,7,67,'mh_inpatient_benefit','1',NULL,'2019-11-07 16:33:10','2019-11-07 16:33:10'),(128,7,67,'mh_intensive_op_benefit','1',NULL,'2019-11-07 16:33:10','2019-11-07 16:33:10'),(129,7,67,'mh_outpatient_ed_benefit','1',NULL,'2019-11-07 16:33:10','2019-11-07 16:33:10'),(130,7,67,'cd_inpatient_benefit','1',NULL,'2019-11-07 16:33:10','2019-11-07 16:33:10'),(131,7,67,'cd_outpatient_ed_benefit','1',NULL,'2019-11-07 16:33:10','2019-11-07 16:33:10'),(132,7,67,'lti_benefit','1',NULL,'2019-11-07 16:33:10','2019-11-07 16:33:10'),(133,7,67,'cd_intensive_op_benefit','1',NULL,'2019-11-07 16:33:10','2019-11-07 16:33:10'),(134,7,67,'hospice_benefit_flag','1',NULL,'2019-11-07 16:33:10','2019-11-07 16:33:10'),(135,7,67,'subscriber_name','1',NULL,'2019-11-07 16:33:10','2019-11-07 16:33:10'),(136,7,67,'subscriber_relationship_code','1',NULL,'2019-11-07 16:33:10','2019-11-07 16:33:10'),(137,7,67,'subscriber_relationship','1',NULL,'2019-11-07 16:33:10','2019-11-07 16:33:10'),(138,7,67,'insurance_class','1',NULL,'2019-11-07 16:33:10','2019-11-07 16:33:10'),(139,7,67,'eligibility_type','1',NULL,'2019-11-07 16:33:10','2019-11-07 16:33:10'),(140,7,67,'eligibility_flag','1',NULL,'2019-11-07 16:33:10','2019-11-07 16:33:10'),(141,7,67,'special_need_plans','1',NULL,'2019-11-07 16:33:10','2019-11-07 16:33:10'),(142,7,67,'low_income_subsidy','1',NULL,'2019-11-07 16:33:10','2019-11-07 16:33:10'),(143,7,67,'active_flag','1',NULL,'2019-11-07 16:33:10','2019-11-07 16:33:10'),(144,7,67,'quarter_value','1',NULL,'2019-11-07 16:33:10','2019-11-07 16:33:10'),(145,7,67,'aco_participant_tin','0',NULL,'2019-11-07 16:33:10','2019-11-07 16:33:10'),(146,7,67,'birth_date','1',NULL,'2019-11-07 16:33:10','2019-11-07 16:33:10'),(147,7,67,'author_date','0',NULL,'2019-11-07 16:33:10','2019-11-07 16:33:10'),(148,7,67,'author_id','0',NULL,'2019-11-07 16:33:10','2019-11-07 16:33:10'),(149,7,67,'author_name','1',NULL,'2019-11-07 16:33:10','2019-11-07 16:33:10'),(150,7,67,'ccn','1',NULL,'2019-11-07 16:33:10','2019-11-07 16:33:10'),(151,7,67,'provider_id','1',NULL,'2019-11-07 16:33:10','2019-11-07 16:33:10'),(152,7,67,'provider_id_type','1',NULL,'2019-11-07 16:33:10','2019-11-07 16:33:10'),(153,7,67,'pcp_npi','1',NULL,'2019-11-07 16:33:10','2019-11-07 16:33:10'),(154,7,67,'voluntary_alignment_flag','1',NULL,'2019-11-07 16:33:10','2019-11-07 16:33:10'),(155,7,67,'claim_based_assignment_step_flag','1',NULL,'2019-11-07 16:33:10','2019-11-07 16:33:10'),(156,7,67,'assignment_flag','1',NULL,'2019-11-07 16:33:10','2019-11-07 16:33:10'),(157,7,67,'medicare_status','1',NULL,'2019-11-07 16:33:10','2019-11-07 16:33:10'),(158,7,67,'dual_status_code','1',NULL,'2019-11-07 16:33:10','2019-11-07 16:33:10'),(159,7,67,'buy_in','1',NULL,'2019-11-07 16:33:10','2019-11-07 16:33:10'),(160,7,67,'reason_entitlement','1',NULL,'2019-11-07 16:33:10','2019-11-07 16:33:10'),(161,7,67,'rx_coverage_duration','1',NULL,'2019-11-07 16:33:10','2019-11-07 16:33:10'),(162,7,68,'empi','0',NULL,'2019-11-07 16:33:10','2019-11-07 16:33:10'),(163,7,68,'local_member_id','1',NULL,'2019-11-07 16:33:10','2019-11-07 16:33:10'),(164,7,68,'claim_charge_flag','1',NULL,'2019-11-07 16:33:10','2019-11-07 16:33:10'),(165,7,68,'claim_id','1',NULL,'2019-11-07 16:33:10','2019-11-07 16:33:10'),(166,7,68,'first_date_of_service','1',NULL,'2019-11-07 16:33:10','2019-11-07 16:33:10'),(167,7,68,'last_date_of_service','1',NULL,'2019-11-07 16:33:10','2019-11-07 16:33:10'),(168,7,68,'payer_id','1',NULL,'2019-11-07 16:33:10','2019-11-07 16:33:10'),(169,7,68,'payer_name','1',NULL,'2019-11-07 16:33:10','2019-11-07 16:33:10'),(170,7,68,'plan_id','1',NULL,'2019-11-07 16:33:10','2019-11-07 16:33:10'),(171,7,68,'plan_name','1',NULL,'2019-11-07 16:33:10','2019-11-07 16:33:10'),(172,7,68,'drg','1',NULL,'2019-11-07 16:33:10','2019-11-07 16:33:10'),(173,7,68,'drg_code','1',NULL,'2019-11-07 16:33:10','2019-11-07 16:33:10'),(174,7,68,'discharge_disposition_code','1',NULL,'2019-11-07 16:33:10','2019-11-07 16:33:10'),(175,7,68,'primary_diagnosis_code','1',NULL,'2019-11-07 16:33:10','2019-11-07 16:33:10'),(176,7,68,'diagnosis_coding_system','1',NULL,'2019-11-07 16:33:10','2019-11-07 16:33:10'),(177,7,68,'claim_submission_date','1',NULL,'2019-11-07 16:33:10','2019-11-07 16:33:10'),(178,7,68,'claim_processing_date','1',NULL,'2019-11-07 16:33:10','2019-11-07 16:33:10'),(179,7,68,'claim_adjudication_date','0',NULL,'2019-11-07 16:33:10','2019-11-07 16:33:10'),(180,7,68,'claim_approval_date','1',NULL,'2019-11-07 16:33:10','2019-11-07 16:33:10'),(181,7,68,'admission_type','1',NULL,'2019-11-07 16:33:10','2019-11-07 16:33:10'),(182,7,68,'present_at_admission','1',NULL,'2019-11-07 16:33:10','2019-11-07 16:33:10'),(183,7,68,'claim_type','1',NULL,'2019-11-07 16:33:10','2019-11-07 16:33:10'),(184,7,68,'facility_type','1',NULL,'2019-11-07 16:33:10','2019-11-07 16:33:10'),(185,7,68,'service_type','1',NULL,'2019-11-07 16:33:10','2019-11-07 16:33:10'),(186,7,68,'frequency_type','1',NULL,'2019-11-07 16:33:10','2019-11-07 16:33:10'),(187,7,68,'type_of_bill','1',NULL,'2019-11-07 16:33:10','2019-11-07 16:33:10'),(188,7,68,'place_of_service','1',NULL,'2019-11-07 16:33:10','2019-11-07 16:33:10'),(189,7,68,'servicing_provider_npi','1',NULL,'2019-11-07 16:33:10','2019-11-07 16:33:10'),(190,7,68,'servicing_provider','1',NULL,'2019-11-07 16:33:10','2019-11-07 16:33:10'),(191,7,68,'attending_provider_npi','1',NULL,'2019-11-07 16:33:10','2019-11-07 16:33:10'),(192,7,68,'attending_provider','1',NULL,'2019-11-07 16:33:10','2019-11-07 16:33:10'),(193,7,68,'other_provider_npi','1',NULL,'2019-11-07 16:33:10','2019-11-07 16:33:10'),(194,7,68,'other_provider','1',NULL,'2019-11-07 16:33:10','2019-11-07 16:33:10'),(195,7,68,'practice_npi','1',NULL,'2019-11-07 16:33:10','2019-11-07 16:33:10'),(196,7,68,'practice_name','0',NULL,'2019-11-07 16:33:10','2019-11-07 16:33:10'),(197,7,68,'claim_nch_code','0',NULL,'2019-11-07 16:33:10','2019-11-07 16:33:10'),(198,7,68,'claim_query_code','0',NULL,'2019-11-07 16:33:10','2019-11-07 16:33:10'),(199,7,68,'tax_id','1',NULL,'2019-11-07 16:33:10','2019-11-07 16:33:10'),(200,7,68,'ccn','1',NULL,'2019-11-07 16:33:10','2019-11-07 16:33:10'),(201,7,68,'servicing_tax_org_name','1',NULL,'2019-11-07 16:33:10','2019-11-07 16:33:10'),(202,7,68,'allowed_amount','1',NULL,'2019-11-07 16:33:10','2019-11-07 16:33:10'),(203,7,68,'total_claim_amount','1',NULL,'2019-11-07 16:33:10','2019-11-07 16:33:10'),(204,7,68,'total_insurance_paid_amount','1',NULL,'2019-11-07 16:33:10','2019-11-07 16:33:10'),(205,7,68,'co_pay','1',NULL,'2019-11-07 16:33:10','2019-11-07 16:33:10'),(206,7,68,'deductible','1',NULL,'2019-11-07 16:33:10','2019-11-07 16:33:10'),(207,7,68,'eligible_amount','1',NULL,'2019-11-07 16:33:10','2019-11-07 16:33:10'),(208,7,68,'file_no','0',NULL,'2019-11-07 16:33:10','2019-11-07 16:33:10'),(209,7,68,'adjustment_status','1',NULL,'2019-11-07 16:33:10','2019-11-07 16:33:10'),(210,7,68,'adjustment_reason','1',NULL,'2019-11-07 16:33:10','2019-11-07 16:33:10'),(211,7,68,'referral_source_code','1',NULL,'2019-11-07 16:33:10','2019-11-07 16:33:10'),(212,7,68,'out_network_flag','1',NULL,'2019-11-07 16:33:10','2019-11-07 16:33:10'),(213,7,68,'denial_reason','1',NULL,'2019-11-07 16:33:10','2019-11-07 16:33:10'),(214,7,68,'provider_speciality','1',NULL,'2019-11-07 16:33:10','2019-11-07 16:33:10'),(215,7,68,'claim_applicable_ime_amount','1',NULL,'2019-11-07 16:33:10','2019-11-07 16:33:10'),(216,7,68,'claim_ime_amount','1',NULL,'2019-11-07 16:33:10','2019-11-07 16:33:10'),(217,7,68,'claim_disproportionate_amount','1',NULL,'2019-11-07 16:33:10','2019-11-07 16:33:10'),(218,7,68,'claim_uncompensated_care_amount','1',NULL,'2019-11-07 16:33:10','2019-11-07 16:33:10'),(219,7,68,'claim_disproportionate_share_amount','1',NULL,'2019-11-07 16:33:10','2019-11-07 16:33:10'),(220,7,68,'servicing_provider_id','0',NULL,'2019-11-07 16:33:10','2019-11-07 16:33:10'),(221,7,68,'servicing_provider_id_type','0',NULL,'2019-11-07 16:33:10','2019-11-07 16:33:10'),(222,7,68,'attending_provider_id','0',NULL,'2019-11-07 16:33:10','2019-11-07 16:33:10'),(223,7,68,'attending_provider_id_type','0',NULL,'2019-11-07 16:33:10','2019-11-07 16:33:10'),(224,7,68,'other_provider_id','0',NULL,'2019-11-07 16:33:10','2019-11-07 16:33:10'),(225,7,68,'other_provider_id_type','0',NULL,'2019-11-07 16:33:10','2019-11-07 16:33:10'),(226,7,68,'practice_id','0',NULL,'2019-11-07 16:33:10','2019-11-07 16:33:10'),(227,7,68,'practice_id_type','0',NULL,'2019-11-07 16:33:10','2019-11-07 16:33:10'),(228,7,68,'admit_source_code','1',NULL,'2019-11-07 16:33:10','2019-11-07 16:33:10'),(229,7,68,'admit_source_name','1',NULL,'2019-11-07 16:33:10','2019-11-07 16:33:10'),(230,7,68,'source_record_date','0',NULL,'2019-11-07 16:33:10','2019-11-07 16:33:10'),(231,7,68,'birth_date','1',NULL,'2019-11-07 16:33:10','2019-11-07 16:33:10'),(232,7,68,'author_date','0',NULL,'2019-11-07 16:33:10','2019-11-07 16:33:10'),(233,7,68,'author_id','0',NULL,'2019-11-07 16:33:10','2019-11-07 16:33:10'),(234,7,68,'author_name','1',NULL,'2019-11-07 16:33:10','2019-11-07 16:33:10'),(235,7,68,'claim_line_id','1',NULL,'2019-11-07 16:33:10','2019-11-07 16:33:10'),(236,7,69,'local_member_id','1',NULL,'2019-11-07 16:33:10','2019-11-07 16:33:10'),(237,7,69,'claim_id','1',NULL,'2019-11-07 16:33:10','2019-11-07 16:33:10'),(238,7,69,'claim_line_id','1',NULL,'2019-11-07 16:33:10','2019-11-07 16:33:10'),(239,7,69,'first_date_of_service','1',NULL,'2019-11-07 16:33:10','2019-11-07 16:33:10'),(240,7,69,'last_date_of_service','1',NULL,'2019-11-07 16:33:10','2019-11-07 16:33:10'),(241,7,69,'procedure_code','1',NULL,'2019-11-07 16:33:10','2019-11-07 16:33:10'),(242,7,69,'procedure_coding_system','1',NULL,'2019-11-07 16:33:10','2019-11-07 16:33:10'),(243,7,69,'modifier_code_1','1',NULL,'2019-11-07 16:33:10','2019-11-07 16:33:10'),(244,7,69,'modifier_code_2','1',NULL,'2019-11-07 16:33:10','2019-11-07 16:33:10'),(245,7,69,'modifier_code_3','1',NULL,'2019-11-07 16:33:10','2019-11-07 16:33:10'),(246,7,69,'modifier_code_4','1',NULL,'2019-11-07 16:33:10','2019-11-07 16:33:10'),(247,7,69,'modifier_code_5','1',NULL,'2019-11-07 16:33:10','2019-11-07 16:33:10'),(248,7,69,'service_unit_quantity','1',NULL,'2019-11-07 16:33:10','2019-11-07 16:33:10'),(249,7,69,'revenue_center_code','1',NULL,'2019-11-07 16:33:10','2019-11-07 16:33:10'),(250,7,69,'servicing_provider_npi','1',NULL,'2019-11-07 16:33:10','2019-11-07 16:33:10'),(251,7,69,'servicing_provider','1',NULL,'2019-11-07 16:33:10','2019-11-07 16:33:10'),(252,7,69,'attending_provider_npi','1',NULL,'2019-11-07 16:33:10','2019-11-07 16:33:10'),(253,7,69,'attending_provider','1',NULL,'2019-11-07 16:33:10','2019-11-07 16:33:10'),(254,7,69,'other_provider_npi','1',NULL,'2019-11-07 16:33:10','2019-11-07 16:33:10'),(255,7,69,'other_provider','1',NULL,'2019-11-07 16:33:10','2019-11-07 16:33:10'),(256,7,69,'line_claim_amount','1',NULL,'2019-11-07 16:33:10','2019-11-07 16:33:10'),(257,7,69,'line_insurance_paid_amount','1',NULL,'2019-11-07 16:33:10','2019-11-07 16:33:10'),(258,7,69,'adjustment_status','1',NULL,'2019-11-07 16:33:10','2019-11-07 16:33:10'),(259,7,69,'out_network_flag','1',NULL,'2019-11-07 16:33:10','2019-11-07 16:33:10'),(260,7,69,'service_reason','1',NULL,'2019-11-07 16:33:10','2019-11-07 16:33:10'),(261,7,69,'line_member_paid_amount','1',NULL,'2019-11-07 16:33:10','2019-11-07 16:33:10'),(262,7,69,'line_cob_paid_amount','1',NULL,'2019-11-07 16:33:10','2019-11-07 16:33:10'),(263,7,69,'allowed_amount','1',NULL,'2019-11-07 16:33:10','2019-11-07 16:33:10'),(264,7,69,'place_of_service','1',NULL,'2019-11-07 16:33:10','2019-11-07 16:33:10'),(265,7,69,'provider_speciality','1',NULL,'2019-11-07 16:33:10','2019-11-07 16:33:10'),(266,7,69,'apc_hipps_code','1',NULL,'2019-11-07 16:33:10','2019-11-07 16:33:10'),(267,7,69,'servicing_provider_id','1',NULL,'2019-11-07 16:33:10','2019-11-07 16:33:10'),(268,7,69,'servicing_provider_id_type','1',NULL,'2019-11-07 16:33:10','2019-11-07 16:33:10'),(269,7,69,'attending_provider_id','1',NULL,'2019-11-07 16:33:10','2019-11-07 16:33:10'),(270,7,69,'attending_provider_id_type','1',NULL,'2019-11-07 16:33:10','2019-11-07 16:33:10'),(271,7,69,'other_provider_id','1',NULL,'2019-11-07 16:33:10','2019-11-07 16:33:10'),(272,7,69,'other_provider_id_type','1',NULL,'2019-11-07 16:33:10','2019-11-07 16:33:10'),(273,7,69,'co_pay','1',NULL,'2019-11-07 16:33:10','2019-11-07 16:33:10'),(274,7,69,'deductible','1',NULL,'2019-11-07 16:33:10','2019-11-07 16:33:10'),(275,7,69,'claim_processing_date','1',NULL,'2019-11-07 16:33:10','2019-11-07 16:33:10'),(276,7,69,'service_type','1',NULL,'2019-11-07 16:33:10','2019-11-07 16:33:10'),(277,7,69,'source_record_date','0',NULL,'2019-11-07 16:33:10','2019-11-07 16:33:10'),(278,7,69,'present_at_admission','1',NULL,'2019-11-07 16:33:10','2019-11-07 16:33:10'),(279,7,69,'birth_date','1',NULL,'2019-11-07 16:33:10','2019-11-07 16:33:10'),(280,7,69,'author_date','0',NULL,'2019-11-07 16:33:10','2019-11-07 16:33:10'),(281,7,69,'author_id','0',NULL,'2019-11-07 16:33:10','2019-11-07 16:33:10'),(282,7,69,'author_name','1',NULL,'2019-11-07 16:33:10','2019-11-07 16:33:10'),(283,7,70,'empi','0',NULL,'2019-11-07 16:33:10','2019-11-07 16:33:10'),(284,7,70,'local_member_id','1',NULL,'2019-11-07 16:33:10','2019-11-07 16:33:10'),(285,7,70,'claim_id','1',NULL,'2019-11-07 16:33:10','2019-11-07 16:33:10'),(286,7,70,'claim_line_id','1',NULL,'2019-11-07 16:33:10','2019-11-07 16:33:10'),(287,7,70,'encounter_id','1',NULL,'2019-11-07 16:33:10','2019-11-07 16:33:10'),(288,7,70,'provider_npi','1',NULL,'2019-11-07 16:33:10','2019-11-07 16:33:10'),(289,7,70,'provider_name','1',NULL,'2019-11-07 16:33:10','2019-11-07 16:33:10'),(290,7,70,'practice_npi','1',NULL,'2019-11-07 16:33:10','2019-11-07 16:33:10'),(291,7,70,'practice_name','1',NULL,'2019-11-07 16:33:10','2019-11-07 16:33:10'),(292,7,70,'date_of_diagnosis','1',NULL,'2019-11-07 16:33:10','2019-11-07 16:33:10'),(293,7,70,'diagnosis_code','1',NULL,'2019-11-07 16:33:10','2019-11-07 16:33:10'),(294,7,70,'diagnosis_sequence_no','1',NULL,'2019-11-07 16:33:10','2019-11-07 16:33:10'),(295,7,70,'diagnosis_type','1',NULL,'2019-11-07 16:33:10','2019-11-07 16:33:10'),(296,7,70,'diagnosis_name','1',NULL,'2019-11-07 16:33:10','2019-11-07 16:33:10'),(297,7,70,'coding_system','1',NULL,'2019-11-07 16:33:10','2019-11-07 16:33:10'),(298,7,70,'description','1',NULL,'2019-11-07 16:33:10','2019-11-07 16:33:10'),(299,7,70,'primary_diagnosis_status','1',NULL,'2019-11-07 16:33:10','2019-11-07 16:33:10'),(300,7,70,'provider_speciality','1',NULL,'2019-11-07 16:33:10','2019-11-07 16:33:10'),(301,7,70,'provider_id','1',NULL,'2019-11-07 16:33:10','2019-11-07 16:33:10'),(302,7,70,'provider_id_type','1',NULL,'2019-11-07 16:33:10','2019-11-07 16:33:10'),(303,7,70,'practice_id','1',NULL,'2019-11-07 16:33:10','2019-11-07 16:33:10'),(304,7,70,'practice_id_type','1',NULL,'2019-11-07 16:33:10','2019-11-07 16:33:10'),(305,7,70,'source_record_date','0',NULL,'2019-11-07 16:33:10','2019-11-07 16:33:10'),(306,7,70,'birth_date','1',NULL,'2019-11-07 16:33:10','2019-11-07 16:33:10'),(307,7,70,'author_date','0',NULL,'2019-11-07 16:33:10','2019-11-07 16:33:10'),(308,7,70,'author_id','0',NULL,'2019-11-07 16:33:10','2019-11-07 16:33:10'),(309,7,70,'author_name','1',NULL,'2019-11-07 16:33:10','2019-11-07 16:33:10'),(310,7,71,'empi','0',NULL,'2019-11-07 16:33:10','2019-11-07 16:33:10'),(311,7,71,'local_member_id','0',NULL,'2019-11-07 16:33:10','2019-11-07 16:33:10'),(312,7,71,'first_name','0',NULL,'2019-11-07 16:33:10','2019-11-07 16:33:10'),(313,7,71,'middle_name','0',NULL,'2019-11-07 16:33:10','2019-11-07 16:33:10'),(314,7,71,'last_name','0',NULL,'2019-11-07 16:33:10','2019-11-07 16:33:10'),(315,7,71,'gender','0',NULL,'2019-11-07 16:33:10','2019-11-07 16:33:10'),(316,7,71,'dob','0',NULL,'2019-11-07 16:33:10','2019-11-07 16:33:10'),(317,7,71,'dod','0',NULL,'2019-11-07 16:33:10','2019-11-07 16:33:10'),(318,7,71,'email','0',NULL,'2019-11-07 16:33:10','2019-11-07 16:33:10'),(319,7,71,'phone','0',NULL,'2019-11-07 16:33:10','2019-11-07 16:33:10'),(320,7,71,'street_add1','0',NULL,'2019-11-07 16:33:10','2019-11-07 16:33:10'),(321,7,71,'street_add2','0',NULL,'2019-11-07 16:33:10','2019-11-07 16:33:10'),(322,7,71,'city','0',NULL,'2019-11-07 16:33:10','2019-11-07 16:33:10'),(323,7,71,'zip','0',NULL,'2019-11-07 16:33:10','2019-11-07 16:33:10'),(324,7,71,'state','0',NULL,'2019-11-07 16:33:10','2019-11-07 16:33:10'),(325,7,71,'country','0',NULL,'2019-11-07 16:33:10','2019-11-07 16:33:10'),(326,7,71,'race','0',NULL,'2019-11-07 16:33:10','2019-11-07 16:33:10'),(327,7,71,'ethnicity','0',NULL,'2019-11-07 16:33:10','2019-11-07 16:33:10'),(328,7,71,'marital_status','0',NULL,'2019-11-07 16:33:10','2019-11-07 16:33:10'),(329,7,71,'insurance_no','0',NULL,'2019-11-07 16:33:10','2019-11-07 16:33:10'),(330,7,71,'insurance_name','0',NULL,'2019-11-07 16:33:10','2019-11-07 16:33:10'),(331,7,71,'group_insurance_no','0',NULL,'2019-11-07 16:33:10','2019-11-07 16:33:10'),(332,7,71,'subscriber_name','0',NULL,'2019-11-07 16:33:10','2019-11-07 16:33:10'),(333,7,71,'subscriber_relation','0',NULL,'2019-11-07 16:33:10','2019-11-07 16:33:10'),(334,7,71,'author_date','0',NULL,'2019-11-07 16:33:10','2019-11-07 16:33:10'),(335,7,71,'author_id','0',NULL,'2019-11-07 16:33:10','2019-11-07 16:33:10'),(336,7,71,'author_name','0',NULL,'2019-11-07 16:33:10','2019-11-07 16:33:10'),(337,7,72,'old_empi','0',NULL,'2019-11-07 16:33:10','2019-11-07 16:33:10'),(338,7,72,'new_empi','0',NULL,'2019-11-07 16:33:10','2019-11-07 16:33:10'),(339,7,72,'transaction_id','0',NULL,'2019-11-07 16:33:10','2019-11-07 16:33:10'),(340,7,72,'transaction_type','0',NULL,'2019-11-07 16:33:10','2019-11-07 16:33:10'),(341,7,72,'comments','0',NULL,'2019-11-07 16:33:10','2019-11-07 16:33:10'),(342,7,72,'author_id','0',NULL,'2019-11-07 16:33:10','2019-11-07 16:33:10'),(343,7,72,'author_name','0',NULL,'2019-11-07 16:33:10','2019-11-07 16:33:10'),(344,7,72,'transaction_datetime','0',NULL,'2019-11-07 16:33:10','2019-11-07 16:33:10'),(345,7,73,'empi','0',NULL,'2019-11-07 16:33:10','2019-11-07 16:33:10'),(346,7,73,'local_member_id','1',NULL,'2019-11-07 16:33:10','2019-11-07 16:33:10'),(347,7,73,'encounter_id','1',NULL,'2019-11-07 16:33:10','2019-11-07 16:33:10'),(348,7,73,'encounter_start_date','1',NULL,'2019-11-07 16:33:10','2019-11-07 16:33:10'),(349,7,73,'encounter_end_date','1',NULL,'2019-11-07 16:33:10','2019-11-07 16:33:10'),(350,7,73,'encounter_status','0',NULL,'2019-11-07 16:33:10','2019-11-07 16:33:10'),(351,7,73,'place_of_service','1',NULL,'2019-11-07 16:33:10','2019-11-07 16:33:10'),(352,7,73,'practice_npi','1',NULL,'2019-11-07 16:33:10','2019-11-07 16:33:10'),(353,7,73,'practice_name','1',NULL,'2019-11-07 16:33:10','2019-11-07 16:33:10'),(354,7,73,'encounter_type','1',NULL,'2019-11-07 16:33:10','2019-11-07 16:33:10'),(355,7,73,'referral_code','1',NULL,'2019-11-07 16:33:10','2019-11-07 16:33:10'),(356,7,73,'admission_type','1',NULL,'2019-11-07 16:33:10','2019-11-07 16:33:10'),(357,7,73,'servicing_provider_npi','1',NULL,'2019-11-07 16:33:10','2019-11-07 16:33:10'),(358,7,73,'servicing_provider','1',NULL,'2019-11-07 16:33:10','2019-11-07 16:33:10'),(359,7,73,'admitting_provider_npi','1',NULL,'2019-11-07 16:33:10','2019-11-07 16:33:10'),(360,7,73,'admitting_provider','1',NULL,'2019-11-07 16:33:10','2019-11-07 16:33:10'),(361,7,73,'chief_complaint','1',NULL,'2019-11-07 16:33:10','2019-11-07 16:33:10'),(362,7,73,'chief_complaint_code','1',NULL,'2019-11-07 16:33:10','2019-11-07 16:33:10'),(363,7,73,'vip_indicator','1',NULL,'2019-11-07 16:33:10','2019-11-07 16:33:10'),(364,7,73,'disposition_code','1',NULL,'2019-11-07 16:33:10','2019-11-07 16:33:10'),(365,7,73,'discharge_to_location','1',NULL,'2019-11-07 16:33:10','2019-11-07 16:33:10'),(366,7,73,'financial_class','1',NULL,'2019-11-07 16:33:10','2019-11-07 16:33:10'),(367,7,73,'hierarchy_id','1',NULL,'2019-11-07 16:33:10','2019-11-07 16:33:10'),(368,7,73,'servicing_provider_id','1',NULL,'2019-11-07 16:33:10','2019-11-07 16:33:10'),(369,7,73,'servicing_provider_id_type','1',NULL,'2019-11-07 16:33:10','2019-11-07 16:33:10'),(370,7,73,'admitting_provider_id','1',NULL,'2019-11-07 16:33:10','2019-11-07 16:33:10'),(371,7,73,'admitting_provider_id_type','1',NULL,'2019-11-07 16:33:10','2019-11-07 16:33:10'),(372,7,73,'practice_id','1',NULL,'2019-11-07 16:33:10','2019-11-07 16:33:10'),(373,7,73,'practice_id_type','1',NULL,'2019-11-07 16:33:10','2019-11-07 16:33:10'),(374,7,73,'source_record_date','0',NULL,'2019-11-07 16:33:10','2019-11-07 16:33:10'),(375,7,73,'birth_date','1',NULL,'2019-11-07 16:33:10','2019-11-07 16:33:10'),(376,7,73,'author_date','0',NULL,'2019-11-07 16:33:10','2019-11-07 16:33:10'),(377,7,73,'author_id','0',NULL,'2019-11-07 16:33:10','2019-11-07 16:33:10'),(378,7,73,'author_name','1',NULL,'2019-11-07 16:33:10','2019-11-07 16:33:10'),(379,7,73,'author_comment','0',NULL,'2019-11-07 16:33:10','2019-11-07 16:33:10'),(380,7,74,'empi','0',NULL,'2019-11-07 16:33:10','2019-11-07 16:33:10'),(381,7,74,'local_member_id','1',NULL,'2019-11-07 16:33:10','2019-11-07 16:33:10'),(382,7,74,'relationship_code','1',NULL,'2019-11-07 16:33:10','2019-11-07 16:33:10'),(383,7,74,'relationship','1',NULL,'2019-11-07 16:33:10','2019-11-07 16:33:10'),(384,7,74,'relationship_status','1',NULL,'2019-11-07 16:33:10','2019-11-07 16:33:10'),(385,7,74,'relative_name','1',NULL,'2019-11-07 16:33:10','2019-11-07 16:33:10'),(386,7,74,'relative_address1','1',NULL,'2019-11-07 16:33:10','2019-11-07 16:33:10'),(387,7,74,'relative_address2','1',NULL,'2019-11-07 16:33:10','2019-11-07 16:33:10'),(388,7,74,'relative_address3','1',NULL,'2019-11-07 16:33:10','2019-11-07 16:33:10'),(389,7,74,'relative_address_full','1',NULL,'2019-11-07 16:33:10','2019-11-07 16:33:10'),(390,7,74,'relative_city','1',NULL,'2019-11-07 16:33:10','2019-11-07 16:33:10'),(391,7,74,'relative_state','1',NULL,'2019-11-07 16:33:10','2019-11-07 16:33:10'),(392,7,74,'relative_zip','1',NULL,'2019-11-07 16:33:10','2019-11-07 16:33:10'),(393,7,74,'relative_email','1',NULL,'2019-11-07 16:33:10','2019-11-07 16:33:10'),(394,7,74,'relative_phone','1',NULL,'2019-11-07 16:33:10','2019-11-07 16:33:10'),(395,7,74,'caretaker_flag','1',NULL,'2019-11-07 16:33:10','2019-11-07 16:33:10'),(396,7,74,'notes','1',NULL,'2019-11-07 16:33:10','2019-11-07 16:33:10'),(397,7,74,'source_record_date','0',NULL,'2019-11-07 16:33:10','2019-11-07 16:33:10'),(398,7,74,'birth_date','1',NULL,'2019-11-07 16:33:10','2019-11-07 16:33:10'),(399,7,74,'author_date','0',NULL,'2019-11-07 16:33:10','2019-11-07 16:33:10'),(400,7,74,'author_id','0',NULL,'2019-11-07 16:33:10','2019-11-07 16:33:10'),(401,7,74,'author_name','1',NULL,'2019-11-07 16:33:10','2019-11-07 16:33:10'),(402,7,75,'empi','0',NULL,'2019-11-07 16:33:10','2019-11-07 16:33:10'),(403,7,75,'local_member_id','1',NULL,'2019-11-07 16:33:10','2019-11-07 16:33:10'),(404,7,75,'encounter_id','1',NULL,'2019-11-07 16:33:10','2019-11-07 16:33:10'),(405,7,75,'provider_npi','1',NULL,'2019-11-07 16:33:10','2019-11-07 16:33:10'),(406,7,75,'provider_name','1',NULL,'2019-11-07 16:33:10','2019-11-07 16:33:10'),(407,7,75,'practice_npi','1',NULL,'2019-11-07 16:33:10','2019-11-07 16:33:10'),(408,7,75,'practice_name','1',NULL,'2019-11-07 16:33:10','2019-11-07 16:33:10'),(409,7,75,'relationship_code','1',NULL,'2019-11-07 16:33:10','2019-11-07 16:33:10'),(410,7,75,'relationship','1',NULL,'2019-11-07 16:33:10','2019-11-07 16:33:10'),(411,7,75,'diagnosis_code','1',NULL,'2019-11-07 16:33:10','2019-11-07 16:33:10'),(412,7,75,'diagnosis_name','1',NULL,'2019-11-07 16:33:10','2019-11-07 16:33:10'),(413,7,75,'disease_status','1',NULL,'2019-11-07 16:33:10','2019-11-07 16:33:10'),(414,7,75,'onset_date','1',NULL,'2019-11-07 16:33:10','2019-11-07 16:33:10'),(415,7,75,'offset_date','1',NULL,'2019-11-07 16:33:10','2019-11-07 16:33:10'),(416,7,75,'onset_year','1',NULL,'2019-11-07 16:33:10','2019-11-07 16:33:10'),(417,7,75,'onset_month','1',NULL,'2019-11-07 16:33:10','2019-11-07 16:33:10'),(418,7,75,'offset_year','1',NULL,'2019-11-07 16:33:10','2019-11-07 16:33:10'),(419,7,75,'offset_month','1',NULL,'2019-11-07 16:33:10','2019-11-07 16:33:10'),(420,7,75,'record_date','1',NULL,'2019-11-07 16:33:10','2019-11-07 16:33:10'),(421,7,75,'provider_id','1',NULL,'2019-11-07 16:33:10','2019-11-07 16:33:10'),(422,7,75,'provider_id_type','1',NULL,'2019-11-07 16:33:10','2019-11-07 16:33:10'),(423,7,75,'practice_id','1',NULL,'2019-11-07 16:33:10','2019-11-07 16:33:10'),(424,7,75,'practice_id_type','1',NULL,'2019-11-07 16:33:10','2019-11-07 16:33:10'),(425,7,75,'source_record_date','0',NULL,'2019-11-07 16:33:10','2019-11-07 16:33:10'),(426,7,75,'birth_date','1',NULL,'2019-11-07 16:33:10','2019-11-07 16:33:10'),(427,7,75,'author_date','0',NULL,'2019-11-07 16:33:10','2019-11-07 16:33:10'),(428,7,75,'author_id','0',NULL,'2019-11-07 16:33:10','2019-11-07 16:33:10'),(429,7,75,'author_name','1',NULL,'2019-11-07 16:33:10','2019-11-07 16:33:10'),(430,7,75,'diagnosis_coding_system','1',NULL,'2019-11-07 16:33:10','2019-11-07 16:33:10'),(431,7,76,'empi','0',NULL,'2019-11-07 16:33:10','2019-11-07 16:33:10'),(432,7,76,'local_member_id','1',NULL,'2019-11-07 16:33:10','2019-11-07 16:33:10'),(433,7,76,'encounter_id','1',NULL,'2019-11-07 16:33:10','2019-11-07 16:33:10'),(434,7,76,'provider_npi','1',NULL,'2019-11-07 16:33:10','2019-11-07 16:33:10'),(435,7,76,'provider_name','1',NULL,'2019-11-07 16:33:10','2019-11-07 16:33:10'),(436,7,76,'practice_npi','1',NULL,'2019-11-07 16:33:10','2019-11-07 16:33:10'),(437,7,76,'practice_name','1',NULL,'2019-11-07 16:33:10','2019-11-07 16:33:10'),(438,7,76,'record_date','1',NULL,'2019-11-07 16:33:10','2019-11-07 16:33:10'),(439,7,76,'immunization_code','1',NULL,'2019-11-07 16:33:10','2019-11-07 16:33:10'),(440,7,76,'coding_system','1',NULL,'2019-11-07 16:33:10','2019-11-07 16:33:10'),(441,7,76,'immunization_name','1',NULL,'2019-11-07 16:33:10','2019-11-07 16:33:10'),(442,7,76,'substance_name','0',NULL,'2019-11-07 16:33:10','2019-11-07 16:33:10'),(443,7,76,'immunization_date','1',NULL,'2019-11-07 16:33:10','2019-11-07 16:33:10'),(444,7,76,'immunization_start_date','1',NULL,'2019-11-07 16:33:10','2019-11-07 16:33:10'),(445,7,76,'immunization_end_date','1',NULL,'2019-11-07 16:33:10','2019-11-07 16:33:10'),(446,7,76,'status','1',NULL,'2019-11-07 16:33:10','2019-11-07 16:33:10'),(447,7,76,'strength','1',NULL,'2019-11-07 16:33:10','2019-11-07 16:33:10'),(448,7,76,'unit','1',NULL,'2019-11-07 16:33:10','2019-11-07 16:33:10'),(449,7,76,'immunization_no','1',NULL,'2019-11-07 16:33:10','2019-11-07 16:33:10'),(450,7,76,'substance_lot_number','0',NULL,'2019-11-07 16:33:10','2019-11-07 16:33:10'),(451,7,76,'provider_id','1',NULL,'2019-11-07 16:33:10','2019-11-07 16:33:10'),(452,7,76,'provider_id_type','1',NULL,'2019-11-07 16:33:10','2019-11-07 16:33:10'),(453,7,76,'practice_id','1',NULL,'2019-11-07 16:33:10','2019-11-07 16:33:10'),(454,7,76,'practice_id_type','1',NULL,'2019-11-07 16:33:10','2019-11-07 16:33:10'),(455,7,76,'source_record_date','0',NULL,'2019-11-07 16:33:10','2019-11-07 16:33:10'),(456,7,76,'birth_date','1',NULL,'2019-11-07 16:33:10','2019-11-07 16:33:10'),(457,7,76,'author_date','0',NULL,'2019-11-07 16:33:10','2019-11-07 16:33:10'),(458,7,76,'author_id','0',NULL,'2019-11-07 16:33:10','2019-11-07 16:33:10'),(459,7,76,'author_name','1',NULL,'2019-11-07 16:33:10','2019-11-07 16:33:10'),(460,7,77,'empi','0',NULL,'2019-11-07 16:33:10','2019-11-07 16:33:10'),(461,7,77,'local_member_id','1',NULL,'2019-11-07 16:33:10','2019-11-07 16:33:10'),(462,7,77,'payer_name','1',NULL,'2019-11-07 16:33:10','2019-11-07 16:33:10'),(463,7,77,'payer_sequence','1',NULL,'2019-11-07 16:33:10','2019-11-07 16:33:10'),(464,7,77,'payer_id','1',NULL,'2019-11-07 16:33:10','2019-11-07 16:33:10'),(465,7,77,'plan_name','1',NULL,'2019-11-07 16:33:10','2019-11-07 16:33:10'),(466,7,77,'payer_status','1',NULL,'2019-11-07 16:33:10','2019-11-07 16:33:10'),(467,7,77,'plan_id','1',NULL,'2019-11-07 16:33:10','2019-11-07 16:33:10'),(468,7,77,'plan_type','1',NULL,'2019-11-07 16:33:10','2019-11-07 16:33:10'),(469,7,77,'insurance_no','1',NULL,'2019-11-07 16:33:10','2019-11-07 16:33:10'),(470,7,77,'group_no','1',NULL,'2019-11-07 16:33:10','2019-11-07 16:33:10'),(471,7,77,'group_name','1',NULL,'2019-11-07 16:33:10','2019-11-07 16:33:10'),(472,7,77,'subscriber_id','1',NULL,'2019-11-07 16:33:10','2019-11-07 16:33:10'),(473,7,77,'subscriber_name','1',NULL,'2019-11-07 16:33:10','2019-11-07 16:33:10'),(474,7,77,'subscriber_gender','0',NULL,'2019-11-07 16:33:10','2019-11-07 16:33:10'),(475,7,77,'subscriber_dob','0',NULL,'2019-11-07 16:33:10','2019-11-07 16:33:10'),(476,7,77,'subscriber_relationship_code','1',NULL,'2019-11-07 16:33:10','2019-11-07 16:33:10'),(477,7,77,'subscriber_relationship','1',NULL,'2019-11-07 16:33:10','2019-11-07 16:33:10'),(478,7,77,'active_since_date','1',NULL,'2019-11-07 16:33:10','2019-11-07 16:33:10'),(479,7,77,'active_till_date','1',NULL,'2019-11-07 16:33:10','2019-11-07 16:33:10'),(480,7,77,'source_record_date','0',NULL,'2019-11-07 16:33:10','2019-11-07 16:33:10'),(481,7,77,'birth_date','1',NULL,'2019-11-07 16:33:10','2019-11-07 16:33:10'),(482,7,77,'author_date','0',NULL,'2019-11-07 16:33:10','2019-11-07 16:33:10'),(483,7,77,'author_id','0',NULL,'2019-11-07 16:33:10','2019-11-07 16:33:10'),(484,7,77,'author_name','1',NULL,'2019-11-07 16:33:10','2019-11-07 16:33:10'),(485,7,78,'empi','0',NULL,'2019-11-07 16:33:10','2019-11-07 16:33:10'),(486,7,78,'local_member_id','1',NULL,'2019-11-07 16:33:10','2019-11-07 16:33:10'),(487,7,78,'claim_id','1',NULL,'2019-11-07 16:33:10','2019-11-07 16:33:10'),(488,7,78,'claim_line_id','1',NULL,'2019-11-07 16:33:10','2019-11-07 16:33:10'),(489,7,78,'encounter_id','1',NULL,'2019-11-07 16:33:10','2019-11-07 16:33:10'),(490,7,78,'order_id','1',NULL,'2019-11-07 16:33:10','2019-11-07 16:33:10'),(491,7,78,'order_code','1',NULL,'2019-11-07 16:33:10','2019-11-07 16:33:10'),(492,7,78,'order_name','1',NULL,'2019-11-07 16:33:10','2019-11-07 16:33:10'),(493,7,78,'order_date','1',NULL,'2019-11-07 16:33:10','2019-11-07 16:33:10'),(494,7,78,'order_status','1',NULL,'2019-11-07 16:33:10','2019-11-07 16:33:10'),(495,7,78,'result_id','1',NULL,'2019-11-07 16:33:10','2019-11-07 16:33:10'),(496,7,78,'result_code','1',NULL,'2019-11-07 16:33:10','2019-11-07 16:33:10'),(497,7,78,'lab_test_name','1',NULL,'2019-11-07 16:33:10','2019-11-07 16:33:10'),(498,7,78,'coding_system','1',NULL,'2019-11-07 16:33:10','2019-11-07 16:33:10'),(499,7,78,'collection_datetime','1',NULL,'2019-11-07 16:33:10','2019-11-07 16:33:10'),(500,7,78,'result_datetime','1',NULL,'2019-11-07 16:33:10','2019-11-07 16:33:10'),(501,7,78,'value','1',NULL,'2019-11-07 16:33:10','2019-11-07 16:33:10'),(502,7,78,'numeric_value','1',NULL,'2019-11-07 16:33:10','2019-11-07 16:33:10'),(503,7,78,'normalcy_flag','1',NULL,'2019-11-07 16:33:10','2019-11-07 16:33:10'),(504,7,78,'reference_range','1',NULL,'2019-11-07 16:33:10','2019-11-07 16:33:10'),(505,7,78,'reference_range_high','1',NULL,'2019-11-07 16:33:10','2019-11-07 16:33:10'),(506,7,78,'reference_range_low','1',NULL,'2019-11-07 16:33:10','2019-11-07 16:33:10'),(507,7,78,'observation_unit','1',NULL,'2019-11-07 16:33:10','2019-11-07 16:33:10'),(508,7,78,'provider_npi','1',NULL,'2019-11-07 16:33:10','2019-11-07 16:33:10'),(509,7,78,'provider_name','1',NULL,'2019-11-07 16:33:10','2019-11-07 16:33:10'),(510,7,78,'place_of_service','1',NULL,'2019-11-07 16:33:10','2019-11-07 16:33:10'),(511,7,78,'practice_npi','1',NULL,'2019-11-07 16:33:10','2019-11-07 16:33:10'),(512,7,78,'practice_name','1',NULL,'2019-11-07 16:33:10','2019-11-07 16:33:10'),(513,7,78,'procedure_code','1',NULL,'2019-11-07 16:33:10','2019-11-07 16:33:10'),(514,7,78,'provider_id','1',NULL,'2019-11-07 16:33:10','2019-11-07 16:33:10'),(515,7,78,'provider_id_type','1',NULL,'2019-11-07 16:33:10','2019-11-07 16:33:10'),(516,7,78,'practice_id','1',NULL,'2019-11-07 16:33:10','2019-11-07 16:33:10'),(517,7,78,'practice_id_type','1',NULL,'2019-11-07 16:33:10','2019-11-07 16:33:10'),(518,7,78,'source_record_date','0',NULL,'2019-11-07 16:33:10','2019-11-07 16:33:10'),(519,7,78,'birth_date','1',NULL,'2019-11-07 16:33:10','2019-11-07 16:33:10'),(520,7,78,'author_date','0',NULL,'2019-11-07 16:33:10','2019-11-07 16:33:10'),(521,7,78,'author_id','0',NULL,'2019-11-07 16:33:10','2019-11-07 16:33:10'),(522,7,78,'author_name','1',NULL,'2019-11-07 16:33:10','2019-11-07 16:33:10'),(523,7,78,'lab_result_status','1',NULL,'2019-11-07 16:33:10','2019-11-07 16:33:10'),(524,7,78,'procedure_coding_system','1',NULL,'2019-11-07 16:33:10','2019-11-07 16:33:10'),(525,7,78,'normalcy_code','0',NULL,'2019-11-07 16:33:10','2019-11-07 16:33:10'),(526,7,78,'order_coding_system','0',NULL,'2019-11-07 16:33:10','2019-11-07 16:33:10'),(527,7,79,'empi','0',NULL,'2019-11-07 16:33:10','2019-11-07 16:33:10'),(528,7,79,'local_member_id','1',NULL,'2019-11-07 16:33:10','2019-11-07 16:33:10'),(529,7,79,'encounter_id','1',NULL,'2019-11-07 16:33:10','2019-11-07 16:33:10'),(530,7,79,'provider_npi','1',NULL,'2019-11-07 16:33:10','2019-11-07 16:33:10'),(531,7,79,'provider_name','1',NULL,'2019-11-07 16:33:10','2019-11-07 16:33:10'),(532,7,79,'practice_npi','1',NULL,'2019-11-07 16:33:10','2019-11-07 16:33:10'),(533,7,79,'practice_name','1',NULL,'2019-11-07 16:33:10','2019-11-07 16:33:10'),(534,7,79,'equipment_code','1',NULL,'2019-11-07 16:33:10','2019-11-07 16:33:10'),(535,7,79,'coding_system','1',NULL,'2019-11-07 16:33:10','2019-11-07 16:33:10'),(536,7,79,'equipment_name','1',NULL,'2019-11-07 16:33:10','2019-11-07 16:33:10'),(537,7,79,'installation_date','1',NULL,'2019-11-07 16:33:10','2019-11-07 16:33:10'),(538,7,79,'body_part','1',NULL,'2019-11-07 16:33:10','2019-11-07 16:33:10'),(539,7,79,'route_of_installation','0',NULL,'2019-11-07 16:33:10','2019-11-07 16:33:10'),(540,7,79,'provider_id','1',NULL,'2019-11-07 16:33:10','2019-11-07 16:33:10'),(541,7,79,'provider_id_type','1',NULL,'2019-11-07 16:33:10','2019-11-07 16:33:10'),(542,7,79,'practice_id','1',NULL,'2019-11-07 16:33:10','2019-11-07 16:33:10'),(543,7,79,'practice_id_type','1',NULL,'2019-11-07 16:33:10','2019-11-07 16:33:10'),(544,7,79,'source_record_date','0',NULL,'2019-11-07 16:33:10','2019-11-07 16:33:10'),(545,7,79,'birth_date','1',NULL,'2019-11-07 16:33:10','2019-11-07 16:33:10'),(546,7,79,'author_date','0',NULL,'2019-11-07 16:33:10','2019-11-07 16:33:10'),(547,7,79,'author_id','0',NULL,'2019-11-07 16:33:10','2019-11-07 16:33:10'),(548,7,79,'author_name','1',NULL,'2019-11-07 16:33:10','2019-11-07 16:33:10'),(549,7,80,'empi','0',NULL,'2019-11-07 16:33:10','2019-11-07 16:33:10'),(550,7,80,'local_member_id','1',NULL,'2019-11-07 16:33:10','2019-11-07 16:33:10'),(551,7,80,'first_name','1',NULL,'2019-11-07 16:33:10','2019-11-07 16:33:10'),(552,7,80,'middle_name','1',NULL,'2019-11-07 16:33:10','2019-11-07 16:33:10'),(553,7,80,'last_name','1',NULL,'2019-11-07 16:33:10','2019-11-07 16:33:10'),(554,7,80,'full_name','1',NULL,'2019-11-07 16:33:10','2019-11-07 16:33:10'),(555,7,80,'prefix','1',NULL,'2019-11-07 16:33:10','2019-11-07 16:33:10'),(556,7,80,'suffix','1',NULL,'2019-11-07 16:33:10','2019-11-07 16:33:10'),(557,7,80,'birth_date','1',NULL,'2019-11-07 16:33:10','2019-11-07 16:33:10'),(558,7,80,'deceased_date','1',NULL,'2019-11-07 16:33:10','2019-11-07 16:33:10'),(559,7,80,'gender','1',NULL,'2019-11-07 16:33:10','2019-11-07 16:33:10'),(560,7,80,'ethnicity','1',NULL,'2019-11-07 16:33:10','2019-11-07 16:33:10'),(561,7,80,'race','1',NULL,'2019-11-07 16:33:10','2019-11-07 16:33:10'),(562,7,80,'marital_status','1',NULL,'2019-11-07 16:33:10','2019-11-07 16:33:10'),(563,7,80,'primary_language','1',NULL,'2019-11-07 16:33:10','2019-11-07 16:33:10'),(564,7,80,'cms_status','1',NULL,'2019-11-07 16:33:10','2019-11-07 16:33:10'),(565,7,80,'hospice_enrollment_date','1',NULL,'2019-11-07 16:33:10','2019-11-07 16:33:10'),(566,7,80,'hospice_termination_date','1',NULL,'2019-11-07 16:33:10','2019-11-07 16:33:10'),(567,7,80,'reason_entitlement','1',NULL,'2019-11-07 16:33:10','2019-11-07 16:33:10'),(568,7,80,'buy_in','1',NULL,'2019-11-07 16:33:10','2019-11-07 16:33:10'),(569,7,80,'dual_status_code','0',NULL,'2019-11-07 16:33:10','2019-11-07 16:33:10'),(570,7,80,'pcp_npi','1',NULL,'2019-11-07 16:33:10','2019-11-07 16:33:10'),(571,7,80,'pcp_name','1',NULL,'2019-11-07 16:33:10','2019-11-07 16:33:10'),(572,7,80,'deceased_flag','1',NULL,'2019-11-07 16:33:10','2019-11-07 16:33:10'),(573,7,80,'beneficiary_enrollment_date_part_a','1',NULL,'2019-11-07 16:33:10','2019-11-07 16:33:10'),(574,7,80,'beneficiary_enrollment_date_part_b','1',NULL,'2019-11-07 16:33:10','2019-11-07 16:33:10'),(575,7,80,'provider_id','1',NULL,'2019-11-07 16:33:10','2019-11-07 16:33:10'),(576,7,80,'provider_id_type','1',NULL,'2019-11-07 16:33:10','2019-11-07 16:33:10'),(577,7,80,'practice_id','1',NULL,'2019-11-07 16:33:10','2019-11-07 16:33:10'),(578,7,80,'practice_id_type','1',NULL,'2019-11-07 16:33:10','2019-11-07 16:33:10'),(579,7,80,'source_record_date','0',NULL,'2019-11-07 16:33:10','2019-11-07 16:33:10'),(580,7,80,'author_date','0',NULL,'2019-11-07 16:33:10','2019-11-07 16:33:10'),(581,7,80,'author_id','0',NULL,'2019-11-07 16:33:10','2019-11-07 16:33:10'),(582,7,80,'author_name','1',NULL,'2019-11-07 16:33:10','2019-11-07 16:33:10'),(583,7,80,'author_comment','0',NULL,'2019-11-07 16:33:10','2019-11-07 16:33:10'),(584,7,81,'empi','0',NULL,'2019-11-07 16:33:10','2019-11-07 16:33:10'),(585,7,81,'local_member_id','1',NULL,'2019-11-07 16:33:10','2019-11-07 16:33:10'),(586,7,81,'address_type','1',NULL,'2019-11-07 16:33:10','2019-11-07 16:33:10'),(587,7,81,'address_preference','1',NULL,'2019-11-07 16:33:10','2019-11-07 16:33:10'),(588,7,81,'full_address','1',NULL,'2019-11-07 16:33:10','2019-11-07 16:33:10'),(589,7,81,'street_address_1','1',NULL,'2019-11-07 16:33:10','2019-11-07 16:33:10'),(590,7,81,'street_address_2','1',NULL,'2019-11-07 16:33:10','2019-11-07 16:33:10'),(591,7,81,'street_address_3','1',NULL,'2019-11-07 16:33:10','2019-11-07 16:33:10'),(592,7,81,'zip5','1',NULL,'2019-11-07 16:33:10','2019-11-07 16:33:10'),(593,7,81,'zip_full','1',NULL,'2019-11-07 16:33:10','2019-11-07 16:33:10'),(594,7,81,'county_code','0',NULL,'2019-11-07 16:33:10','2019-11-07 16:33:10'),(595,7,81,'city','1',NULL,'2019-11-07 16:33:10','2019-11-07 16:33:10'),(596,7,81,'state','1',NULL,'2019-11-07 16:33:10','2019-11-07 16:33:10'),(597,7,81,'country','1',NULL,'2019-11-07 16:33:10','2019-11-07 16:33:10'),(598,7,81,'source_record_date','0',NULL,'2019-11-07 16:33:10','2019-11-07 16:33:10'),(599,7,81,'birth_date','1',NULL,'2019-11-07 16:33:10','2019-11-07 16:33:10'),(600,7,81,'author_date','0',NULL,'2019-11-07 16:33:10','2019-11-07 16:33:10'),(601,7,81,'author_id','0',NULL,'2019-11-07 16:33:10','2019-11-07 16:33:10'),(602,7,81,'author_name','1',NULL,'2019-11-07 16:33:10','2019-11-07 16:33:10'),(603,7,82,'empi','0',NULL,'2019-11-07 16:33:10','2019-11-07 16:33:10'),(604,7,82,'alternate_patient_id','1',NULL,'2019-11-07 16:33:10','2019-11-07 16:33:10'),(605,7,82,'alternate_id_type','1',NULL,'2019-11-07 16:33:10','2019-11-07 16:33:10'),(606,7,82,'local_member_id','1',NULL,'2019-11-07 16:33:10','2019-11-07 16:33:10'),(607,7,82,'source_record_date','0',NULL,'2019-11-07 16:33:10','2019-11-07 16:33:10'),(608,7,82,'birth_date','1',NULL,'2019-11-07 16:33:10','2019-11-07 16:33:10'),(609,7,82,'author_date','0',NULL,'2019-11-07 16:33:10','2019-11-07 16:33:10'),(610,7,82,'author_id','0',NULL,'2019-11-07 16:33:10','2019-11-07 16:33:10'),(611,7,82,'author_name','1',NULL,'2019-11-07 16:33:10','2019-11-07 16:33:10'),(612,7,83,'empi','0',NULL,'2019-11-07 16:33:10','2019-11-07 16:33:10'),(613,7,83,'local_member_id','1',NULL,'2019-11-07 16:33:10','2019-11-07 16:33:10'),(614,7,83,'contact_type','1',NULL,'2019-11-07 16:33:10','2019-11-07 16:33:10'),(615,7,83,'contact_preference','1',NULL,'2019-11-07 16:33:10','2019-11-07 16:33:10'),(616,7,83,'contact_number','1',NULL,'2019-11-07 16:33:10','2019-11-07 16:33:10'),(617,7,83,'source_record_date','0',NULL,'2019-11-07 16:33:10','2019-11-07 16:33:10'),(618,7,83,'birth_date','1',NULL,'2019-11-07 16:33:10','2019-11-07 16:33:10'),(619,7,83,'author_date','0',NULL,'2019-11-07 16:33:10','2019-11-07 16:33:10'),(620,7,83,'author_id','0',NULL,'2019-11-07 16:33:10','2019-11-07 16:33:10'),(621,7,83,'author_name','1',NULL,'2019-11-07 16:33:10','2019-11-07 16:33:10'),(622,7,84,'empi','0',NULL,'2019-11-07 16:33:10','2019-11-07 16:33:10'),(623,7,84,'local_member_id','1',NULL,'2019-11-07 16:33:10','2019-11-07 16:33:10'),(624,7,84,'email_type','1',NULL,'2019-11-07 16:33:10','2019-11-07 16:33:10'),(625,7,84,'email_preference','1',NULL,'2019-11-07 16:33:10','2019-11-07 16:33:10'),(626,7,84,'email','1',NULL,'2019-11-07 16:33:10','2019-11-07 16:33:10'),(627,7,84,'source_record_date','0',NULL,'2019-11-07 16:33:10','2019-11-07 16:33:10'),(628,7,84,'birth_date','1',NULL,'2019-11-07 16:33:10','2019-11-07 16:33:10'),(629,7,84,'author_date','0',NULL,'2019-11-07 16:33:10','2019-11-07 16:33:10'),(630,7,84,'author_id','0',NULL,'2019-11-07 16:33:10','2019-11-07 16:33:10'),(631,7,84,'author_name','1',NULL,'2019-11-07 16:33:10','2019-11-07 16:33:10'),(632,7,85,'empi','0',NULL,'2019-11-07 16:33:10','2019-11-07 16:33:10'),(633,7,85,'local_member_id','1',NULL,'2019-11-07 16:33:10','2019-11-07 16:33:10'),(634,7,85,'language_preference','1',NULL,'2019-11-07 16:33:10','2019-11-07 16:33:10'),(635,7,85,'language','1',NULL,'2019-11-07 16:33:10','2019-11-07 16:33:10'),(636,7,85,'source_record_date','0',NULL,'2019-11-07 16:33:10','2019-11-07 16:33:10'),(637,7,85,'birth_date','1',NULL,'2019-11-07 16:33:10','2019-11-07 16:33:10'),(638,7,85,'author_date','0',NULL,'2019-11-07 16:33:10','2019-11-07 16:33:10'),(639,7,85,'author_id','0',NULL,'2019-11-07 16:33:10','2019-11-07 16:33:10'),(640,7,85,'author_name','1',NULL,'2019-11-07 16:33:10','2019-11-07 16:33:10'),(641,7,86,'empi','0',NULL,'2019-11-07 16:33:10','2019-11-07 16:33:10'),(642,7,86,'local_member_id','1',NULL,'2019-11-07 16:33:10','2019-11-07 16:33:10'),(643,7,86,'encounter_id','1',NULL,'2019-11-07 16:33:10','2019-11-07 16:33:10'),(644,7,86,'provider_npi','1',NULL,'2019-11-07 16:33:10','2019-11-07 16:33:10'),(645,7,86,'provider_name','1',NULL,'2019-11-07 16:33:10','2019-11-07 16:33:10'),(646,7,86,'practice_npi','1',NULL,'2019-11-07 16:33:10','2019-11-07 16:33:10'),(647,7,86,'practice_name','1',NULL,'2019-11-07 16:33:10','2019-11-07 16:33:10'),(648,7,86,'note_type','1',NULL,'2019-11-07 16:33:10','2019-11-07 16:33:10'),(649,7,86,'note','1',NULL,'2019-11-07 16:33:10','2019-11-07 16:33:10'),(650,7,86,'note_date','1',NULL,'2019-11-07 16:33:10','2019-11-07 16:33:10'),(651,7,86,'provider_id','1',NULL,'2019-11-07 16:33:10','2019-11-07 16:33:10'),(652,7,86,'provider_id_type','1',NULL,'2019-11-07 16:33:10','2019-11-07 16:33:10'),(653,7,86,'practice_id','1',NULL,'2019-11-07 16:33:10','2019-11-07 16:33:10'),(654,7,86,'practice_id_type','1',NULL,'2019-11-07 16:33:10','2019-11-07 16:33:10'),(655,7,86,'source_record_date','0',NULL,'2019-11-07 16:33:10','2019-11-07 16:33:10'),(656,7,86,'birth_date','1',NULL,'2019-11-07 16:33:10','2019-11-07 16:33:10'),(657,7,86,'author_date','0',NULL,'2019-11-07 16:33:10','2019-11-07 16:33:10'),(658,7,86,'author_id','0',NULL,'2019-11-07 16:33:10','2019-11-07 16:33:10'),(659,7,86,'author_name','1',NULL,'2019-11-07 16:33:10','2019-11-07 16:33:10'),(660,7,87,'empi','0',NULL,'2019-11-07 16:33:10','2019-11-07 16:33:10'),(661,7,87,'local_member_id','0',NULL,'2019-11-07 16:33:10','2019-11-07 16:33:10'),(662,7,87,'first_name','0',NULL,'2019-11-07 16:33:10','2019-11-07 16:33:10'),(663,7,87,'middle_name','0',NULL,'2019-11-07 16:33:10','2019-11-07 16:33:10'),(664,7,87,'last_name','0',NULL,'2019-11-07 16:33:10','2019-11-07 16:33:10'),(665,7,87,'gender','0',NULL,'2019-11-07 16:33:10','2019-11-07 16:33:10'),(666,7,87,'dob','0',NULL,'2019-11-07 16:33:10','2019-11-07 16:33:10'),(667,7,87,'dod','0',NULL,'2019-11-07 16:33:10','2019-11-07 16:33:10'),(668,7,87,'email','0',NULL,'2019-11-07 16:33:10','2019-11-07 16:33:10'),(669,7,87,'phone','0',NULL,'2019-11-07 16:33:10','2019-11-07 16:33:10'),(670,7,87,'street_add1','0',NULL,'2019-11-07 16:33:10','2019-11-07 16:33:10'),(671,7,87,'street_add2','0',NULL,'2019-11-07 16:33:10','2019-11-07 16:33:10'),(672,7,87,'city','0',NULL,'2019-11-07 16:33:10','2019-11-07 16:33:10'),(673,7,87,'zip','0',NULL,'2019-11-07 16:33:10','2019-11-07 16:33:10'),(674,7,87,'state','0',NULL,'2019-11-07 16:33:10','2019-11-07 16:33:10'),(675,7,87,'country','0',NULL,'2019-11-07 16:33:10','2019-11-07 16:33:10'),(676,7,87,'race','0',NULL,'2019-11-07 16:33:10','2019-11-07 16:33:10'),(677,7,87,'ethnicity','0',NULL,'2019-11-07 16:33:10','2019-11-07 16:33:10'),(678,7,87,'marital_status','0',NULL,'2019-11-07 16:33:10','2019-11-07 16:33:10'),(679,7,87,'insurance_no','0',NULL,'2019-11-07 16:33:10','2019-11-07 16:33:10'),(680,7,87,'insurance_name','0',NULL,'2019-11-07 16:33:10','2019-11-07 16:33:10'),(681,7,87,'group_insurance_no','0',NULL,'2019-11-07 16:33:10','2019-11-07 16:33:10'),(682,7,87,'subscriber_name','0',NULL,'2019-11-07 16:33:10','2019-11-07 16:33:10'),(683,7,87,'subscriber_relation','0',NULL,'2019-11-07 16:33:10','2019-11-07 16:33:10'),(684,7,87,'author_date','0',NULL,'2019-11-07 16:33:10','2019-11-07 16:33:10'),(685,7,87,'author_id','0',NULL,'2019-11-07 16:33:10','2019-11-07 16:33:10'),(686,7,87,'author_name','0',NULL,'2019-11-07 16:33:10','2019-11-07 16:33:10'),(687,7,87,'source_id','0',NULL,'2019-11-07 16:33:10','2019-11-07 16:33:10'),(688,7,87,'source_name','0',NULL,'2019-11-07 16:33:10','2019-11-07 16:33:10'),(689,7,87,'source_type','0',NULL,'2019-11-07 16:33:10','2019-11-07 16:33:10'),(690,7,87,'workspace_id','0',NULL,'2019-11-07 16:33:10','2019-11-07 16:33:10'),(691,7,87,'workflow_id','0',NULL,'2019-11-07 16:33:10','2019-11-07 16:33:10'),(692,7,87,'author','0',NULL,'2019-11-07 16:33:10','2019-11-07 16:33:10'),(693,7,87,'ingestion_datetime','0',NULL,'2019-11-07 16:33:10','2019-11-07 16:33:10'),(694,7,87,'vendor_version','0',NULL,'2019-11-07 16:33:10','2019-11-07 16:33:10'),(695,7,87,'vendor_name','0',NULL,'2019-11-07 16:33:10','2019-11-07 16:33:10'),(696,7,87,'aco_id','0',NULL,'2019-11-07 16:33:10','2019-11-07 16:33:10'),(697,7,87,'aco_name','0',NULL,'2019-11-07 16:33:10','2019-11-07 16:33:10'),(698,7,87,'source_file_name','0',NULL,'2019-11-07 16:33:10','2019-11-07 16:33:10'),(699,7,88,'empi','0',NULL,'2019-11-07 16:33:10','2019-11-07 16:33:10'),(700,7,88,'local_member_id','1',NULL,'2019-11-07 16:33:10','2019-11-07 16:33:10'),(701,7,88,'claim_id','1',NULL,'2019-11-07 16:33:10','2019-11-07 16:33:10'),(702,7,88,'start_date','1',NULL,'2019-11-07 16:33:10','2019-11-07 16:33:10'),(703,7,88,'end_date','1',NULL,'2019-11-07 16:33:10','2019-11-07 16:33:10'),(704,7,88,'payer_id','1',NULL,'2019-11-07 16:33:10','2019-11-07 16:33:10'),(705,7,88,'payer_name','1',NULL,'2019-11-07 16:33:10','2019-11-07 16:33:10'),(706,7,88,'plan_id','1',NULL,'2019-11-07 16:33:10','2019-11-07 16:33:10'),(707,7,88,'plan_name','1',NULL,'2019-11-07 16:33:10','2019-11-07 16:33:10'),(708,7,88,'medication_code','1',NULL,'2019-11-07 16:33:10','2019-11-07 16:33:10'),(709,7,88,'medication_name','1',NULL,'2019-11-07 16:33:10','2019-11-07 16:33:10'),(710,7,88,'days_of_supply','1',NULL,'2019-11-07 16:33:10','2019-11-07 16:33:10'),(711,7,88,'unit_quantity','1',NULL,'2019-11-07 16:33:10','2019-11-07 16:33:10'),(712,7,88,'dosage_per_unit','1',NULL,'2019-11-07 16:33:10','2019-11-07 16:33:10'),(713,7,88,'refill_no','1',NULL,'2019-11-07 16:33:10','2019-11-07 16:33:10'),(714,7,88,'route_of_administration','1',NULL,'2019-11-07 16:33:10','2019-11-07 16:33:10'),(715,7,88,'allowed_amount','1',NULL,'2019-11-07 16:33:10','2019-11-07 16:33:10'),(716,7,88,'total_claim_amount','1',NULL,'2019-11-07 16:33:10','2019-11-07 16:33:10'),(717,7,88,'total_insurance_paid_amount','1',NULL,'2019-11-07 16:33:10','2019-11-07 16:33:10'),(718,7,88,'eligible_amount','1',NULL,'2019-11-07 16:33:10','2019-11-07 16:33:10'),(719,7,88,'pharmacy_id','1',NULL,'2019-11-07 16:33:10','2019-11-07 16:33:10'),(720,7,88,'pharmacy_npi','1',NULL,'2019-11-07 16:33:10','2019-11-07 16:33:10'),(721,7,88,'pharmacy_name','1',NULL,'2019-11-07 16:33:10','2019-11-07 16:33:10'),(722,7,88,'pharmacy_street_add1','1',NULL,'2019-11-07 16:33:10','2019-11-07 16:33:10'),(723,7,88,'pharmacy_street_add2','1',NULL,'2019-11-07 16:33:10','2019-11-07 16:33:10'),(724,7,88,'pharmacy_city','1',NULL,'2019-11-07 16:33:10','2019-11-07 16:33:10'),(725,7,88,'pharmacy_zip','1',NULL,'2019-11-07 16:33:10','2019-11-07 16:33:10'),(726,7,88,'pharmacy_state','1',NULL,'2019-11-07 16:33:10','2019-11-07 16:33:10'),(727,7,88,'pharmacy_country','1',NULL,'2019-11-07 16:33:10','2019-11-07 16:33:10'),(728,7,88,'pharmacy_fax','1',NULL,'2019-11-07 16:33:10','2019-11-07 16:33:10'),(729,7,88,'pharmacy_phone','1',NULL,'2019-11-07 16:33:10','2019-11-07 16:33:10'),(730,7,88,'formulary_id','1',NULL,'2019-11-07 16:33:10','2019-11-07 16:33:10'),(731,7,88,'formulary_name','1',NULL,'2019-11-07 16:33:10','2019-11-07 16:33:10'),(732,7,88,'adjustment_status','1',NULL,'2019-11-07 16:33:10','2019-11-07 16:33:10'),(733,7,88,'pharmacy_service_type_code','1',NULL,'2019-11-07 16:33:10','2019-11-07 16:33:10'),(734,7,88,'drug_enforcement_agency','1',NULL,'2019-11-07 16:33:10','2019-11-07 16:33:10'),(735,7,88,'dispense_as_written','1',NULL,'2019-11-07 16:33:10','2019-11-07 16:33:10'),(736,7,88,'source_record_date','0',NULL,'2019-11-07 16:33:10','2019-11-07 16:33:10'),(737,7,88,'co_pay','1',NULL,'2019-11-07 16:33:10','2019-11-07 16:33:10'),(738,7,88,'deductible','1',NULL,'2019-11-07 16:33:10','2019-11-07 16:33:10'),(739,7,88,'claim_processing_date','1',NULL,'2019-11-07 16:33:10','2019-11-07 16:33:10'),(740,7,88,'birth_date','1',NULL,'2019-11-07 16:33:10','2019-11-07 16:33:10'),(741,7,88,'author_date','0',NULL,'2019-11-07 16:33:10','2019-11-07 16:33:10'),(742,7,88,'author_id','0',NULL,'2019-11-07 16:33:10','2019-11-07 16:33:10'),(743,7,88,'author_name','1',NULL,'2019-11-07 16:33:10','2019-11-07 16:33:10'),(744,7,88,'provider_id','1',NULL,'2019-11-07 16:33:10','2019-11-07 16:33:10'),(745,7,88,'provider_id_type','1',NULL,'2019-11-07 16:33:10','2019-11-07 16:33:10'),(746,7,88,'medication_coding_system','1',NULL,'2019-11-07 16:33:10','2019-11-07 16:33:10'),(747,7,88,'cob_amount','1',NULL,'2019-11-07 16:33:10','2019-11-07 16:33:10'),(748,7,88,'coinsurance_amount','1',NULL,'2019-11-07 16:33:10','2019-11-07 16:33:10'),(749,7,88,'dispensing_fee','1',NULL,'2019-11-07 16:33:10','2019-11-07 16:33:10'),(750,7,89,'local_member_id','0',NULL,'2019-11-07 16:33:10','2019-11-07 16:33:10'),(751,7,89,'first_name','0',NULL,'2019-11-07 16:33:10','2019-11-07 16:33:10'),(752,7,89,'middle_name','0',NULL,'2019-11-07 16:33:10','2019-11-07 16:33:10'),(753,7,89,'last_name','0',NULL,'2019-11-07 16:33:10','2019-11-07 16:33:10'),(754,7,89,'gender','0',NULL,'2019-11-07 16:33:10','2019-11-07 16:33:10'),(755,7,89,'dob','0',NULL,'2019-11-07 16:33:10','2019-11-07 16:33:10'),(756,7,89,'dod','0',NULL,'2019-11-07 16:33:10','2019-11-07 16:33:10'),(757,7,89,'email','0',NULL,'2019-11-07 16:33:10','2019-11-07 16:33:10'),(758,7,89,'phone','0',NULL,'2019-11-07 16:33:10','2019-11-07 16:33:10'),(759,7,89,'street_add1','0',NULL,'2019-11-07 16:33:10','2019-11-07 16:33:10'),(760,7,89,'street_add2','0',NULL,'2019-11-07 16:33:10','2019-11-07 16:33:10'),(761,7,89,'city','0',NULL,'2019-11-07 16:33:10','2019-11-07 16:33:10'),(762,7,89,'zip','0',NULL,'2019-11-07 16:33:10','2019-11-07 16:33:10'),(763,7,89,'state','0',NULL,'2019-11-07 16:33:10','2019-11-07 16:33:10'),(764,7,89,'country','0',NULL,'2019-11-07 16:33:10','2019-11-07 16:33:10'),(765,7,89,'race','0',NULL,'2019-11-07 16:33:10','2019-11-07 16:33:10'),(766,7,89,'ethnicity','0',NULL,'2019-11-07 16:33:10','2019-11-07 16:33:10'),(767,7,89,'marital_status','0',NULL,'2019-11-07 16:33:10','2019-11-07 16:33:10'),(768,7,89,'insurance_no','0',NULL,'2019-11-07 16:33:10','2019-11-07 16:33:10'),(769,7,89,'insurance_name','0',NULL,'2019-11-07 16:33:10','2019-11-07 16:33:10'),(770,7,89,'group_insurance_no','0',NULL,'2019-11-07 16:33:10','2019-11-07 16:33:10'),(771,7,89,'subscriber_name','0',NULL,'2019-11-07 16:33:10','2019-11-07 16:33:10'),(772,7,89,'subscriber_relation','0',NULL,'2019-11-07 16:33:10','2019-11-07 16:33:10'),(773,7,89,'author_date','0',NULL,'2019-11-07 16:33:10','2019-11-07 16:33:10'),(774,7,89,'author_id','0',NULL,'2019-11-07 16:33:10','2019-11-07 16:33:10'),(775,7,89,'author_name','0',NULL,'2019-11-07 16:33:10','2019-11-07 16:33:10'),(776,7,89,'source_id','0',NULL,'2019-11-07 16:33:10','2019-11-07 16:33:10'),(777,7,89,'source_name','0',NULL,'2019-11-07 16:33:10','2019-11-07 16:33:10'),(778,7,89,'source_type','0',NULL,'2019-11-07 16:33:10','2019-11-07 16:33:10'),(779,7,89,'workspace_id','0',NULL,'2019-11-07 16:33:10','2019-11-07 16:33:10'),(780,7,89,'workflow_id','0',NULL,'2019-11-07 16:33:10','2019-11-07 16:33:10'),(781,7,89,'author','0',NULL,'2019-11-07 16:33:10','2019-11-07 16:33:10'),(782,7,89,'ingestion_datetime','0',NULL,'2019-11-07 16:33:10','2019-11-07 16:33:10'),(783,7,89,'vendor_version','0',NULL,'2019-11-07 16:33:10','2019-11-07 16:33:10'),(784,7,89,'vendor_name','0',NULL,'2019-11-07 16:33:10','2019-11-07 16:33:10'),(785,7,89,'aco_id','0',NULL,'2019-11-07 16:33:10','2019-11-07 16:33:10'),(786,7,89,'aco_name','0',NULL,'2019-11-07 16:33:10','2019-11-07 16:33:10'),(787,7,89,'source_file_name','0',NULL,'2019-11-07 16:33:10','2019-11-07 16:33:10'),(788,7,90,'empi','0',NULL,'2019-11-07 16:33:10','2019-11-07 16:33:10'),(789,7,90,'local_member_id','1',NULL,'2019-11-07 16:33:10','2019-11-07 16:33:10'),(790,7,90,'encounter_id','1',NULL,'2019-11-07 16:33:10','2019-11-07 16:33:10'),(791,7,90,'provider_npi','1',NULL,'2019-11-07 16:33:10','2019-11-07 16:33:10'),(792,7,90,'provider_name','1',NULL,'2019-11-07 16:33:10','2019-11-07 16:33:10'),(793,7,90,'practice_npi','1',NULL,'2019-11-07 16:33:10','2019-11-07 16:33:10'),(794,7,90,'practice_name','1',NULL,'2019-11-07 16:33:10','2019-11-07 16:33:10'),(795,7,90,'prescription_date','1',NULL,'2019-11-07 16:33:10','2019-11-07 16:33:10'),(796,7,90,'prescription_id','1',NULL,'2019-11-07 16:33:10','2019-11-07 16:33:10'),(797,7,90,'notes','1',NULL,'2019-11-07 16:33:10','2019-11-07 16:33:10'),(798,7,90,'ndc_code','1',NULL,'2019-11-07 16:33:10','2019-11-07 16:33:10'),(799,7,90,'medication_code','1',NULL,'2019-11-07 16:33:10','2019-11-07 16:33:10'),(800,7,90,'medication_name','1',NULL,'2019-11-07 16:33:10','2019-11-07 16:33:10'),(801,7,90,'start_date','1',NULL,'2019-11-07 16:33:10','2019-11-07 16:33:10'),(802,7,90,'end_date','1',NULL,'2019-11-07 16:33:10','2019-11-07 16:33:10'),(803,7,90,'coding_system','1',NULL,'2019-11-07 16:33:10','2019-11-07 16:33:10'),(804,7,90,'generic_flag','0',NULL,'2019-11-07 16:33:10','2019-11-07 16:33:10'),(805,7,90,'dosage_strength','1',NULL,'2019-11-07 16:33:10','2019-11-07 16:33:10'),(806,7,90,'dosage_unit','1',NULL,'2019-11-07 16:33:10','2019-11-07 16:33:10'),(807,7,90,'usage_frequency','1',NULL,'2019-11-07 16:33:10','2019-11-07 16:33:10'),(808,7,90,'days_of_prescription','1',NULL,'2019-11-07 16:33:10','2019-11-07 16:33:10'),(809,7,90,'route_of_administration','1',NULL,'2019-11-07 16:33:10','2019-11-07 16:33:10'),(810,7,90,'refills_remaining','1',NULL,'2019-11-07 16:33:10','2019-11-07 16:33:10'),(811,7,90,'dispensed_amount','1',NULL,'2019-11-07 16:33:10','2019-11-07 16:33:10'),(812,7,90,'no_of_refills','1',NULL,'2019-11-07 16:33:10','2019-11-07 16:33:10'),(813,7,90,'date_recent_refill','1',NULL,'2019-11-07 16:33:10','2019-11-07 16:33:10'),(814,7,90,'rx_form','1',NULL,'2019-11-07 16:33:10','2019-11-07 16:33:10'),(815,7,90,'provider_id','1',NULL,'2019-11-07 16:33:10','2019-11-07 16:33:10'),(816,7,90,'provider_id_type','1',NULL,'2019-11-07 16:33:10','2019-11-07 16:33:10'),(817,7,90,'practice_id','1',NULL,'2019-11-07 16:33:10','2019-11-07 16:33:10'),(818,7,90,'practice_id_type','1',NULL,'2019-11-07 16:33:10','2019-11-07 16:33:10'),(819,7,90,'drug_enforcement_agency','1',NULL,'2019-11-07 16:33:10','2019-11-07 16:33:10'),(820,7,90,'dispense_as_written','1',NULL,'2019-11-07 16:33:10','2019-11-07 16:33:10'),(821,7,90,'source_record_date','0',NULL,'2019-11-07 16:33:10','2019-11-07 16:33:10'),(822,7,90,'birth_date','1',NULL,'2019-11-07 16:33:10','2019-11-07 16:33:10'),(823,7,90,'author_date','0',NULL,'2019-11-07 16:33:10','2019-11-07 16:33:10'),(824,7,90,'author_id','0',NULL,'2019-11-07 16:33:10','2019-11-07 16:33:10'),(825,7,90,'author_name','1',NULL,'2019-11-07 16:33:10','2019-11-07 16:33:10'),(826,7,90,'claim_id','1',NULL,'2019-11-07 16:33:10','2019-11-07 16:33:10'),(827,7,90,'prescription_status','1',NULL,'2019-11-07 16:33:10','2019-11-07 16:33:10'),(828,7,90,'pharmacy_npi','1',NULL,'2019-11-07 16:33:10','2019-11-07 16:33:10'),(829,7,90,'refill_no','1',NULL,'2019-11-07 16:33:10','2019-11-07 16:33:10'),(830,7,90,'dosage_strength_unit','1',NULL,'2019-11-07 16:33:10','2019-11-07 16:33:10'),(831,7,91,'empi','0',NULL,'2019-11-07 16:33:10','2019-11-07 16:33:10'),(832,7,91,'local_member_id','1',NULL,'2019-11-07 16:33:10','2019-11-07 16:33:10'),(833,7,91,'problem_id','1',NULL,'2019-11-07 16:33:10','2019-11-07 16:33:10'),(834,7,91,'problem_description','1',NULL,'2019-11-07 16:33:10','2019-11-07 16:33:10'),(835,7,91,'notes','1',NULL,'2019-11-07 16:33:10','2019-11-07 16:33:10'),(836,7,91,'onset_date','1',NULL,'2019-11-07 16:33:10','2019-11-07 16:33:10'),(837,7,91,'record_date','1',NULL,'2019-11-07 16:33:10','2019-11-07 16:33:10'),(838,7,91,'problem_code','1',NULL,'2019-11-07 16:33:10','2019-11-07 16:33:10'),(839,7,91,'problem_type_code','1',NULL,'2019-11-07 16:33:10','2019-11-07 16:33:10'),(840,7,91,'problem_type_description','1',NULL,'2019-11-07 16:33:10','2019-11-07 16:33:10'),(841,7,91,'coding_system','1',NULL,'2019-11-07 16:33:10','2019-11-07 16:33:10'),(842,7,91,'encounter_id','1',NULL,'2019-11-07 16:33:10','2019-11-07 16:33:10'),(843,7,91,'problem_status','0',NULL,'2019-11-07 16:33:10','2019-11-07 16:33:10'),(844,7,91,'provider_npi','1',NULL,'2019-11-07 16:33:10','2019-11-07 16:33:10'),(845,7,91,'provider_name','1',NULL,'2019-11-07 16:33:10','2019-11-07 16:33:10'),(846,7,91,'practice_npi','1',NULL,'2019-11-07 16:33:10','2019-11-07 16:33:10'),(847,7,91,'practice_name','1',NULL,'2019-11-07 16:33:10','2019-11-07 16:33:10'),(848,7,91,'provider_id','1',NULL,'2019-11-07 16:33:10','2019-11-07 16:33:10'),(849,7,91,'provider_id_type','1',NULL,'2019-11-07 16:33:10','2019-11-07 16:33:10'),(850,7,91,'practice_id','1',NULL,'2019-11-07 16:33:10','2019-11-07 16:33:10'),(851,7,91,'practice_id_type','1',NULL,'2019-11-07 16:33:10','2019-11-07 16:33:10'),(852,7,91,'source_record_date','0',NULL,'2019-11-07 16:33:10','2019-11-07 16:33:10'),(853,7,91,'birth_date','1',NULL,'2019-11-07 16:33:10','2019-11-07 16:33:10'),(854,7,91,'author_date','0',NULL,'2019-11-07 16:33:10','2019-11-07 16:33:10'),(855,7,91,'author_id','0',NULL,'2019-11-07 16:33:10','2019-11-07 16:33:10'),(856,7,91,'author_name','1',NULL,'2019-11-07 16:33:10','2019-11-07 16:33:10'),(857,7,92,'empi','0',NULL,'2019-11-07 16:33:10','2019-11-07 16:33:10'),(858,7,92,'local_member_id','1',NULL,'2019-11-07 16:33:10','2019-11-07 16:33:10'),(859,7,92,'encounter_id','1',NULL,'2019-11-07 16:33:10','2019-11-07 16:33:10'),(860,7,92,'procedure_id','1',NULL,'2019-11-07 16:33:10','2019-11-07 16:33:10'),(861,7,92,'claim_id','1',NULL,'2019-11-07 16:33:10','2019-11-07 16:33:10'),(862,7,92,'claim_line_id','1',NULL,'2019-11-07 16:33:10','2019-11-07 16:33:10'),(863,7,92,'procedure_sequence_no','1',NULL,'2019-11-07 16:33:10','2019-11-07 16:33:10'),(864,7,92,'start_datetime','1',NULL,'2019-11-07 16:33:10','2019-11-07 16:33:10'),(865,7,92,'end_datetime','1',NULL,'2019-11-07 16:33:10','2019-11-07 16:33:10'),(866,7,92,'code','1',NULL,'2019-11-07 16:33:10','2019-11-07 16:33:10'),(867,7,92,'coding_system','1',NULL,'2019-11-07 16:33:10','2019-11-07 16:33:10'),(868,7,92,'procedure_name','1',NULL,'2019-11-07 16:33:10','2019-11-07 16:33:10'),(869,7,92,'procedure_type','1',NULL,'2019-11-07 16:33:10','2019-11-07 16:33:10'),(870,7,92,'modifier_code_1','1',NULL,'2019-11-07 16:33:10','2019-11-07 16:33:10'),(871,7,92,'modifier_code_2','1',NULL,'2019-11-07 16:33:10','2019-11-07 16:33:10'),(872,7,92,'modifier_code_3','1',NULL,'2019-11-07 16:33:10','2019-11-07 16:33:10'),(873,7,92,'modifier_code_4','1',NULL,'2019-11-07 16:33:10','2019-11-07 16:33:10'),(874,7,92,'modifier_code_5','1',NULL,'2019-11-07 16:33:10','2019-11-07 16:33:10'),(875,7,92,'provider_npi','1',NULL,'2019-11-07 16:33:10','2019-11-07 16:33:10'),(876,7,92,'provider_name','1',NULL,'2019-11-07 16:33:10','2019-11-07 16:33:10'),(877,7,92,'surgical_history_flag','1',NULL,'2019-11-07 16:33:10','2019-11-07 16:33:10'),(878,7,92,'procedure_note','0',NULL,'2019-11-07 16:33:10','2019-11-07 16:33:10'),(879,7,92,'practice_npi','1',NULL,'2019-11-07 16:33:10','2019-11-07 16:33:10'),(880,7,92,'practice_name','1',NULL,'2019-11-07 16:33:10','2019-11-07 16:33:10'),(881,7,92,'provider_speciality','1',NULL,'2019-11-07 16:33:10','2019-11-07 16:33:10'),(882,7,92,'betos_code','1',NULL,'2019-11-07 16:33:10','2019-11-07 16:33:10'),(883,7,92,'provider_id','1',NULL,'2019-11-07 16:33:10','2019-11-07 16:33:10'),(884,7,92,'provider_id_type','1',NULL,'2019-11-07 16:33:10','2019-11-07 16:33:10'),(885,7,92,'practice_id','1',NULL,'2019-11-07 16:33:10','2019-11-07 16:33:10'),(886,7,92,'practice_id_type','1',NULL,'2019-11-07 16:33:10','2019-11-07 16:33:10'),(887,7,92,'source_record_date','0',NULL,'2019-11-07 16:33:10','2019-11-07 16:33:10'),(888,7,92,'birth_date','1',NULL,'2019-11-07 16:33:10','2019-11-07 16:33:10'),(889,7,92,'author_date','0',NULL,'2019-11-07 16:33:10','2019-11-07 16:33:10'),(890,7,92,'author_id','0',NULL,'2019-11-07 16:33:10','2019-11-07 16:33:10'),(891,7,92,'author_name','1',NULL,'2019-11-07 16:33:10','2019-11-07 16:33:10'),(892,7,92,'procedure_status','1',NULL,'2019-11-07 16:33:10','2019-11-07 16:33:10'),(893,7,93,'hierarchy_path_id','1',NULL,'2019-11-07 16:33:10','2019-11-07 16:33:10'),(894,7,93,'provider_npi','1',NULL,'2019-11-07 16:33:10','2019-11-07 16:33:10'),(895,7,93,'provider_name','1',NULL,'2019-11-07 16:33:10','2019-11-07 16:33:10'),(896,7,93,'provider_speciality','1',NULL,'2019-11-07 16:33:10','2019-11-07 16:33:10'),(897,7,93,'provider_type','1',NULL,'2019-11-07 16:33:10','2019-11-07 16:33:10'),(898,7,93,'practice_npi','1',NULL,'2019-11-07 16:33:10','2019-11-07 16:33:10'),(899,7,93,'practice_name','1',NULL,'2019-11-07 16:33:10','2019-11-07 16:33:10'),(900,7,93,'practice_type','1',NULL,'2019-11-07 16:33:10','2019-11-07 16:33:10'),(901,7,93,'preferred_practice_flag','1',NULL,'2019-11-07 16:33:10','2019-11-07 16:33:10'),(902,7,93,'org_id','1',NULL,'2019-11-07 16:33:10','2019-11-07 16:33:10'),(903,7,93,'org_tax_id','1',NULL,'2019-11-07 16:33:10','2019-11-07 16:33:10'),(904,7,93,'org_ccn','1',NULL,'2019-11-07 16:33:10','2019-11-07 16:33:10'),(905,7,93,'org_name','1',NULL,'2019-11-07 16:33:10','2019-11-07 16:33:10'),(906,7,93,'region_id','1',NULL,'2019-11-07 16:33:10','2019-11-07 16:33:10'),(907,7,93,'region_name','1',NULL,'2019-11-07 16:33:10','2019-11-07 16:33:10'),(908,7,93,'city_id','1',NULL,'2019-11-07 16:33:10','2019-11-07 16:33:10'),(909,7,93,'city_name','1',NULL,'2019-11-07 16:33:10','2019-11-07 16:33:10'),(910,7,93,'county_id','1',NULL,'2019-11-07 16:33:10','2019-11-07 16:33:10'),(911,7,93,'county_name','1',NULL,'2019-11-07 16:33:10','2019-11-07 16:33:10'),(912,7,93,'state_id','1',NULL,'2019-11-07 16:33:10','2019-11-07 16:33:10'),(913,7,93,'state_name','1',NULL,'2019-11-07 16:33:10','2019-11-07 16:33:10'),(914,7,93,'cin_id','1',NULL,'2019-11-07 16:33:10','2019-11-07 16:33:10'),(915,7,93,'cin_name','1',NULL,'2019-11-07 16:33:10','2019-11-07 16:33:10'),(916,7,93,'pcp_flag','1',NULL,'2019-11-07 16:33:10','2019-11-07 16:33:10'),(917,7,93,'provider_start_date','1',NULL,'2019-11-07 16:33:10','2019-11-07 16:33:10'),(918,7,93,'provider_end_date','1',NULL,'2019-11-07 16:33:10','2019-11-07 16:33:10'),(919,7,93,'custom_level1_id','1',NULL,'2019-11-07 16:33:10','2019-11-07 16:33:10'),(920,7,93,'custom_level1_name','1',NULL,'2019-11-07 16:33:10','2019-11-07 16:33:10'),(921,7,93,'custom_level2_id','1',NULL,'2019-11-07 16:33:10','2019-11-07 16:33:10'),(922,7,93,'custom_level2_name','1',NULL,'2019-11-07 16:33:10','2019-11-07 16:33:10'),(923,7,93,'custom_level3_id','1',NULL,'2019-11-07 16:33:10','2019-11-07 16:33:10'),(924,7,93,'custom_level3_name','1',NULL,'2019-11-07 16:33:10','2019-11-07 16:33:10'),(925,7,93,'custom_level4_id','1',NULL,'2019-11-07 16:33:10','2019-11-07 16:33:10'),(926,7,93,'custom_level4_name','1',NULL,'2019-11-07 16:33:10','2019-11-07 16:33:10'),(927,7,93,'practice_id','0',NULL,'2019-11-07 16:33:10','2019-11-07 16:33:10'),(928,7,93,'provider_id','1',NULL,'2019-11-07 16:33:10','2019-11-07 16:33:10'),(929,7,93,'provider_id_type','1',NULL,'2019-11-07 16:33:10','2019-11-07 16:33:10'),(930,7,93,'org_ccn_name','1',NULL,'2019-11-07 16:33:10','2019-11-07 16:33:10'),(931,7,93,'author_date','0',NULL,'2019-11-07 16:33:10','2019-11-07 16:33:10'),(932,7,93,'author_id','0',NULL,'2019-11-07 16:33:10','2019-11-07 16:33:10'),(933,7,93,'author_name','1',NULL,'2019-11-07 16:33:10','2019-11-07 16:33:10'),(934,7,94,'empi','0',NULL,'2019-11-07 16:33:10','2019-11-07 16:33:10'),(935,7,94,'local_member_id','1',NULL,'2019-11-07 16:33:10','2019-11-07 16:33:10'),(936,7,94,'encounter_id','1',NULL,'2019-11-07 16:33:10','2019-11-07 16:33:10'),(937,7,94,'provider_npi','1',NULL,'2019-11-07 16:33:10','2019-11-07 16:33:10'),(938,7,94,'provider_name','1',NULL,'2019-11-07 16:33:10','2019-11-07 16:33:10'),(939,7,94,'practice_npi','1',NULL,'2019-11-07 16:33:10','2019-11-07 16:33:10'),(940,7,94,'practice_name','1',NULL,'2019-11-07 16:33:10','2019-11-07 16:33:10'),(941,7,94,'social_factor_code','1',NULL,'2019-11-07 16:33:10','2019-11-07 16:33:10'),(942,7,94,'social_factor_coding_system','1',NULL,'2019-11-07 16:33:10','2019-11-07 16:33:10'),(943,7,94,'social_factor_name','1',NULL,'2019-11-07 16:33:10','2019-11-07 16:33:10'),(944,7,94,'status','1',NULL,'2019-11-07 16:33:10','2019-11-07 16:33:10'),(945,7,94,'description','1',NULL,'2019-11-07 16:33:10','2019-11-07 16:33:10'),(946,7,94,'frequency','1',NULL,'2019-11-07 16:33:10','2019-11-07 16:33:10'),(947,7,94,'frequency_units','1',NULL,'2019-11-07 16:33:10','2019-11-07 16:33:10'),(948,7,94,'onset_date','1',NULL,'2019-11-07 16:33:10','2019-11-07 16:33:10'),(949,7,94,'offset_date','1',NULL,'2019-11-07 16:33:10','2019-11-07 16:33:10'),(950,7,94,'onset_year','1',NULL,'2019-11-07 16:33:10','2019-11-07 16:33:10'),(951,7,94,'onset_month','1',NULL,'2019-11-07 16:33:10','2019-11-07 16:33:10'),(952,7,94,'offset_year','1',NULL,'2019-11-07 16:33:10','2019-11-07 16:33:10'),(953,7,94,'offset_month','1',NULL,'2019-11-07 16:33:10','2019-11-07 16:33:10'),(954,7,94,'record_date','1',NULL,'2019-11-07 16:33:10','2019-11-07 16:33:10'),(955,7,94,'provider_id','1',NULL,'2019-11-07 16:33:10','2019-11-07 16:33:10'),(956,7,94,'provider_id_type','1',NULL,'2019-11-07 16:33:10','2019-11-07 16:33:10'),(957,7,94,'practice_id','1',NULL,'2019-11-07 16:33:10','2019-11-07 16:33:10'),(958,7,94,'practice_id_type','1',NULL,'2019-11-07 16:33:10','2019-11-07 16:33:10'),(959,7,94,'source_record_date','0',NULL,'2019-11-07 16:33:10','2019-11-07 16:33:10'),(960,7,94,'birth_date','1',NULL,'2019-11-07 16:33:10','2019-11-07 16:33:10'),(961,7,94,'author_date','0',NULL,'2019-11-07 16:33:10','2019-11-07 16:33:10'),(962,7,94,'author_id','0',NULL,'2019-11-07 16:33:10','2019-11-07 16:33:10'),(963,7,94,'author_name','1',NULL,'2019-11-07 16:33:10','2019-11-07 16:33:10'),(964,7,95,'empi','0',NULL,'2019-11-07 16:33:10','2019-11-07 16:33:10'),(965,7,95,'local_member_id','0',NULL,'2019-11-07 16:33:10','2019-11-07 16:33:10'),(966,7,95,'source_id','0',NULL,'2019-11-07 16:33:10','2019-11-07 16:33:10'),(967,7,95,'dob','0',NULL,'2019-11-07 16:33:10','2019-11-07 16:33:10'),(968,7,96,'empi','0',NULL,'2019-11-07 16:33:10','2019-11-07 16:33:10'),(969,7,96,'local_member_id','1',NULL,'2019-11-07 16:33:10','2019-11-07 16:33:10'),(970,7,96,'encounter_id','1',NULL,'2019-11-07 16:33:10','2019-11-07 16:33:10'),(971,7,96,'provider_npi','1',NULL,'2019-11-07 16:33:10','2019-11-07 16:33:10'),(972,7,96,'provider_name','1',NULL,'2019-11-07 16:33:10','2019-11-07 16:33:10'),(973,7,96,'practice_npi','1',NULL,'2019-11-07 16:33:10','2019-11-07 16:33:10'),(974,7,96,'practice_name','1',NULL,'2019-11-07 16:33:10','2019-11-07 16:33:10'),(975,7,96,'vital_code','1',NULL,'2019-11-07 16:33:10','2019-11-07 16:33:10'),(976,7,96,'vital_name','1',NULL,'2019-11-07 16:33:10','2019-11-07 16:33:10'),(977,7,96,'coding_system','1',NULL,'2019-11-07 16:33:10','2019-11-07 16:33:10'),(978,7,96,'vital_date','1',NULL,'2019-11-07 16:33:10','2019-11-07 16:33:10'),(979,7,96,'record_location','1',NULL,'2019-11-07 16:33:10','2019-11-07 16:33:10'),(980,7,96,'value','1',NULL,'2019-11-07 16:33:10','2019-11-07 16:33:10'),(981,7,96,'numeric_value','1',NULL,'2019-11-07 16:33:10','2019-11-07 16:33:10'),(982,7,96,'unit','1',NULL,'2019-11-07 16:33:10','2019-11-07 16:33:10'),(983,7,96,'reference_range','1',NULL,'2019-11-07 16:33:10','2019-11-07 16:33:10'),(984,7,96,'reference_low','1',NULL,'2019-11-07 16:33:10','2019-11-07 16:33:10'),(985,7,96,'reference_high','1',NULL,'2019-11-07 16:33:10','2019-11-07 16:33:10'),(986,7,96,'normalcy_flag','1',NULL,'2019-11-07 16:33:10','2019-11-07 16:33:10'),(987,7,96,'body_site','1',NULL,'2019-11-07 16:33:10','2019-11-07 16:33:10'),(988,7,96,'provider_id','1',NULL,'2019-11-07 16:33:10','2019-11-07 16:33:10'),(989,7,96,'provider_id_type','1',NULL,'2019-11-07 16:33:10','2019-11-07 16:33:10'),(990,7,96,'practice_id','1',NULL,'2019-11-07 16:33:10','2019-11-07 16:33:10'),(991,7,96,'practice_id_type','1',NULL,'2019-11-07 16:33:10','2019-11-07 16:33:10'),(992,7,96,'source_record_date','0',NULL,'2019-11-07 16:33:10','2019-11-07 16:33:10'),(993,7,96,'birth_date','1',NULL,'2019-11-07 16:33:10','2019-11-07 16:33:10'),(994,7,96,'author_date','0',NULL,'2019-11-07 16:33:10','2019-11-07 16:33:10'),(995,7,96,'author_id','0',NULL,'2019-11-07 16:33:10','2019-11-07 16:33:10'),(996,7,96,'author_name','1',NULL,'2019-11-07 16:33:10','2019-11-07 16:33:10'),(997,7,96,'vital_status','1',NULL,'2019-11-07 16:33:10','2019-11-07 16:33:10'),(998,7,96,'normalcy_code','1',NULL,'2019-11-07 16:33:10','2019-11-07 16:33:10');

######################################################################################################################

CREATE TABLE `casee_proc` (
  `id` tinyint(4) DEFAULT NULL,
  `alias` varchar(4) DEFAULT NULL,
  `l1_schema` varchar(20) DEFAULT NULL,
  `source_table` varchar(100) DEFAULT NULL,
  `source_column` varchar(50) DEFAULT NULL,
  `rule_typ` varchar(50) DEFAULT NULL,
  `rule` text,
  `meta_id` int(11) DEFAULT NULL
) ENGINE=InnoDB DEFAULT CHARSET=latin1;

######################################################################################################################

CREATE TABLE `num` (
  `n` mediumint(9) NOT NULL AUTO_INCREMENT,
  PRIMARY KEY (`n`)
) ENGINE=InnoDB;

INSERT INTO `num` VALUES (1),(2),(3),(4),(5),(6),(7),(8),(9),(10),(11),(12),(13),(14),(15),(16),(17),(18),(19),(20),(21),(22),(23),(24),(25),(26),(27),(28),(29),(30),(31),(32),(33),(34),(35),(36),(37),(38),(39),(40),(41),(42),(43),(44),(45),(46),(47),(48),(49),(50),(51),(52),(53),(54),(55),(56),(57),(58),(59),(60),(61),(62),(63),(64),(65),(66),(67),(68),(69),(70),(71),(72),(73),(74),(75),(76),(77),(78),(79),(80),(81),(82),(83),(84),(85),(86),(87),(88),(89),(90),(91),(92),(93),(94),(95),(96),(97),(98),(99),(100),(101),(102),(103),(104),(105),(106),(107),(108),(109),(110),(111),(112),(113),(114),(115),(116),(117),(118),(119),(120),(121),(122),(123),(124),(125),(126),(127),(128),(129),(130),(131),(132),(133),(134),(135),(136),(137),(138),(139),(140),(141),(142),(143),(144),(145),(146),(147),(148),(149),(150),(151),(152),(153),(154),(155),(156),(157),(158),(159),(160),(161),(162),(163),(164),(165),(166),(167),(168),(169),(170),(171),(172),(173),(174),(175),(176),(177),(178),(179),(180),(181),(182),(183),(184),(185),(186),(187),(188),(189),(190),(191),(192),(193),(194),(195),(196),(197),(198),(199),(200),(201),(202),(203),(204),(205),(206),(207),(208),(209),(210),(211),(212),(213),(214),(215),(216),(217),(218),(219),(220),(221),(222),(223),(224),(225),(226),(227),(228),(229),(230),(231),(232),(233),(234),(235),(236),(237),(238),(239),(240),(241),(242),(243),(244),(245),(246),(247),(248),(249),(250),(251),(252),(253),(254),(255),(256),(257),(258),(259),(260),(261),(262),(263),(264),(265),(266),(267),(268),(269),(270),(271),(272),(273),(274),(275),(276),(277),(278),(279),(280),(281),(282),(283),(284),(285),(286),(287),(288),(289),(290),(291),(292),(293),(294),(295),(296),(297),(298),(299),(300),(301),(302),(303),(304),(305),(306),(307),(308),(309),(310),(311),(312),(313),(314),(315),(316),(317),(318),(319),(320),(321),(322),(323),(324),(325),(326),(327),(328),(329),(330),(331),(332),(333),(334),(335),(336),(337),(338),(339),(340),(341),(342),(343),(344),(345),(346),(347),(348),(349),(350),(351),(352),(353),(354),(355),(356),(357),(358),(359),(360),(361),(362),(363),(364),(365),(366),(367),(368),(369),(370),(371),(372),(373),(374),(375),(376),(377),(378),(379),(380),(381),(382),(383),(384),(385),(386),(387),(388),(389),(390),(391),(392),(393),(394),(395),(396),(397),(398),(399),(400),(401),(402),(403),(404),(405),(406),(407),(408),(409),(410),(411),(412),(413),(414),(415),(416),(417),(418),(419),(420),(421),(422),(423),(424),(425),(426),(427),(428),(429),(430),(431),(432),(433),(434),(435),(436),(437),(438),(439),(440),(441),(442),(443),(444),(445),(446),(447),(448),(449),(450),(451),(452),(453),(454),(455),(456),(457),(458),(459),(460),(461),(462),(463),(464),(465),(466),(467),(468),(469),(470),(471),(472),(473),(474),(475),(476),(477),(478),(479),(480),(481),(482),(483),(484),(485),(486),(487),(488),(489),(490),(491),(492),(493),(494),(495),(496),(497),(498),(499),(500),(501),(502),(503),(504),(505),(506),(507),(508),(509),(510),(511),(512),(513),(514),(515),(516),(517),(518),(519),(520),(521),(522),(523),(524),(525),(526),(527),(528),(529),(530),(531),(532),(533),(534),(535),(536),(537),(538),(539),(540),(541),(542),(543),(544),(545),(546),(547),(548),(549),(550),(551),(552),(553),(554),(555),(556),(557),(558),(559),(560),(561),(562),(563),(564),(565),(566),(567),(568),(569),(570),(571),(572),(573),(574),(575),(576),(577),(578),(579),(580),(581),(582),(583),(584),(585),(586),(587),(588),(589),(590),(591),(592),(593),(594),(595),(596),(597),(598),(599),(600),(601),(602),(603),(604),(605),(606),(607),(608),(609),(610),(611),(612),(613),(614),(615),(616),(617),(618),(619),(620),(621),(622),(623),(624),(625),(626),(627),(628),(629),(630),(631),(632),(633),(634),(635),(636),(637),(638),(639),(640),(641),(642),(643),(644),(645),(646),(647),(648),(649),(650),(651),(652),(653),(654),(655),(656),(657),(658),(659),(660),(661),(662),(663),(664),(665),(666),(667),(668),(669),(670),(671),(672),(673),(674),(675),(676),(677),(678),(679),(680),(681),(682),(683),(684),(685),(686),(687),(688),(689),(690),(691),(692),(693),(694),(695),(696),(697),(698),(699),(700),(701),(702),(703),(704),(705),(706),(707),(708),(709),(710),(711),(712),(713),(714),(715),(716),(717),(718),(719),(720),(721),(722),(723),(724),(725),(726),(727),(728),(729),(730),(731),(732),(733),(734),(735),(736),(737),(738),(739),(740),(741),(742),(743),(744),(745),(746),(747),(748),(749),(750),(751),(752),(753),(754),(755),(756),(757),(758),(759),(760),(761),(762),(763),(764),(765),(766),(767),(768),(769),(770),(771),(772),(773),(774),(775),(776),(777),(778),(779),(780),(781),(782),(783),(784),(785),(786),(787),(788),(789),(790),(791),(792),(793),(794),(795),(796),(797),(798),(799),(800),(801),(802),(803),(804),(805),(806),(807),(808),(809),(810),(811),(812),(813),(814),(815),(816),(817),(818),(819),(820),(821),(822),(823),(824),(825),(826),(827),(828),(829),(830),(831),(832),(833),(834),(835),(836),(837),(838),(839),(840),(841),(842),(843),(844),(845),(846),(847),(848),(849),(850),(851),(852),(853),(854),(855),(856),(857),(858),(859),(860),(861),(862),(863),(864),(865),(866),(867),(868),(869),(870),(871),(872),(873),(874),(875),(876),(877),(878),(879),(880),(881),(882),(883),(884),(885),(886),(887),(888),(889),(890),(891),(892),(893),(894),(895),(896),(897),(898),(899),(900),(901),(902),(903),(904),(905),(906),(907),(908),(909),(910),(911),(912),(913),(914),(915),(916),(917),(918),(919),(920),(921),(922),(923),(924),(925),(926),(927),(928),(929),(930),(931),(932),(933),(934),(935),(936),(937),(938),(939),(940),(941),(942),(943),(944),(945),(946),(947),(948),(949),(950),(951),(952),(953),(954),(955),(956),(957),(958),(959),(960),(961),(962),(963),(964),(965),(966),(967),(968),(969),(970),(971),(972),(973),(974),(975),(976),(977),(978),(979),(980),(981),(982),(983),(984),(985),(986),(987),(988),(989),(990),(991),(992),(993),(994),(995),(996),(997),(998),(999),(1000);

######################################################################################################################